id,name,created_at,updated_at,code
1501,Multi-Specialty,2013-10-11 12:41:16.506406,2013-10-11 12:41:16.506406,193200000X
1502,Single Specialty,2013-10-11 12:41:16.511664,2013-10-11 12:41:16.511664,193400000X
1503,Allergy,2013-10-11 12:41:16.521025,2013-10-11 12:41:16.521025,207KA0200X
1504,Clinical & Laboratory Immunology,2013-10-11 12:41:16.533495,2013-10-11 12:41:16.533495,207KI0005X
1505,Addiction Medicine,2013-10-11 12:41:16.540941,2013-10-11 12:41:16.540941,207LA0401X
1506,Critical Care Medicine,2013-10-11 12:41:16.54494,2013-10-11 12:41:16.54494,207LC0200X
1507,Hospice and Palliative Medicine,2013-10-11 12:41:16.55689,2013-10-11 12:41:16.55689,207LH0002X
1508,Pain Medicine,2013-10-11 12:41:16.562482,2013-10-11 12:41:16.562482,207LP2900X
1509,Pediatric Anesthesiology,2013-10-11 12:41:16.569039,2013-10-11 12:41:16.569039,207LP3000X
1510,Clinical Pharmacology,2013-10-11 12:41:16.576456,2013-10-11 12:41:16.576456,208U00000X
1511,Colon & Rectal Surgery,2013-10-11 12:41:16.586986,2013-10-11 12:41:16.586986,208C00000X
1512,Clinical & Laboratory Dermatological Immunology,2013-10-11 12:41:16.590517,2013-10-11 12:41:16.590517,207NI0002X
1513,Dermatopathology,2013-10-11 12:41:16.594095,2013-10-11 12:41:16.594095,207ND0900X
1514,MOHS-Micrographic Surgery,2013-10-11 12:41:16.59761,2013-10-11 12:41:16.59761,207ND0101X
1515,Pediatric Dermatology,2013-10-11 12:41:16.601078,2013-10-11 12:41:16.601078,207NP0225X
1516,Procedural Dermatology,2013-10-11 12:41:16.605012,2013-10-11 12:41:16.605012,207NS0135X
1517,Electrodiagnostic Medicine,2013-10-11 12:41:16.612242,2013-10-11 12:41:16.612242,204R00000X
1518,Emergency Medical Services,2013-10-11 12:41:16.615357,2013-10-11 12:41:16.615357,207PE0004X
1519,Hospice and Palliative Medicine,2013-10-11 12:41:16.618337,2013-10-11 12:41:16.618337,207PH0002X
1520,Medical Toxicology,2013-10-11 12:41:16.620813,2013-10-11 12:41:16.620813,207PT0002X
1521,Pediatric Emergency Medicine,2013-10-11 12:41:16.623309,2013-10-11 12:41:16.623309,207PP0204X
1522,Sports Medicine,2013-10-11 12:41:16.62643,2013-10-11 12:41:16.62643,207PS0010X
1523,Undersea and Hyperbaric Medicine,2013-10-11 12:41:16.629207,2013-10-11 12:41:16.629207,207PE0005X
1524,Addiction Medicine,2013-10-11 12:41:16.646915,2013-10-11 12:41:16.646915,207QA0401X
1525,Adolescent Medicine,2013-10-11 12:41:16.663149,2013-10-11 12:41:16.663149,207QA0000X
1526,Adult Medicine,2013-10-11 12:41:16.676336,2013-10-11 12:41:16.676336,207QA0505X
1527,Bariatric Medicine,2013-10-11 12:41:16.68238,2013-10-11 12:41:16.68238,207QB0002X
1528,Geriatric Medicine,2013-10-11 12:41:16.688267,2013-10-11 12:41:16.688267,207QG0300X
1529,Hospice and Palliative Medicine,2013-10-11 12:41:16.700666,2013-10-11 12:41:16.700666,207QH0002X
1530,Sleep Medicine,2013-10-11 12:41:16.706479,2013-10-11 12:41:16.706479,207QS1201X
1531,Sports Medicine,2013-10-11 12:41:16.712195,2013-10-11 12:41:16.712195,207QS0010X
1532,General Practice,2013-10-11 12:41:16.718393,2013-10-11 12:41:16.718393,208D00000X
1533,Hospitalist,2013-10-11 12:41:16.726169,2013-10-11 12:41:16.726169,208M00000X
1534,Independent Medical Examiner,2013-10-11 12:41:16.728816,2013-10-11 12:41:16.728816,202C00000X
1535,Addiction Medicine,2013-10-11 12:41:16.731454,2013-10-11 12:41:16.731454,207RA0401X
1536,Adolescent Medicine,2013-10-11 12:41:16.734375,2013-10-11 12:41:16.734375,207RA0000X
1537,Allergy & Immunology,2013-10-11 12:41:16.737064,2013-10-11 12:41:16.737064,207RA0201X
1538,Bariatric Medicine,2013-10-11 12:41:16.739728,2013-10-11 12:41:16.739728,207RB0002X
1539,Cardiovascular Disease,2013-10-11 12:41:16.742706,2013-10-11 12:41:16.742706,207RC0000X
1540,Clinical & Laboratory Immunology,2013-10-11 12:41:16.745286,2013-10-11 12:41:16.745286,207RI0001X
1541,Clinical Cardiac Electrophysiology,2013-10-11 12:41:16.748342,2013-10-11 12:41:16.748342,207RC0001X
1542,Critical Care Medicine,2013-10-11 12:41:16.750664,2013-10-11 12:41:16.750664,207RC0200X
1543,"Endocrinology, Diabetes & Metabolism",2013-10-11 12:41:16.753333,2013-10-11 12:41:16.753333,207RE0101X
1544,Gastroenterology,2013-10-11 12:41:16.755671,2013-10-11 12:41:16.755671,207RG0100X
1545,Geriatric Medicine,2013-10-11 12:41:16.758359,2013-10-11 12:41:16.758359,207RG0300X
1546,Hematology,2013-10-11 12:41:16.761673,2013-10-11 12:41:16.761673,207RH0000X
1547,Hematology & Oncology,2013-10-11 12:41:16.77795,2013-10-11 12:41:16.77795,207RH0003X
1548,Hepatology,2013-10-11 12:41:16.784731,2013-10-11 12:41:16.784731,207RI0008X
1549,Hospice and Palliative Medicine,2013-10-11 12:41:16.792157,2013-10-11 12:41:16.792157,207RH0002X
1550,Hypertension Specialist,2013-10-11 12:41:16.801731,2013-10-11 12:41:16.801731,207RH0005X
1551,Infectious Disease,2013-10-11 12:41:16.808724,2013-10-11 12:41:16.808724,207RI0200X
1552,Interventional Cardiology,2013-10-11 12:41:16.814497,2013-10-11 12:41:16.814497,207RI0011X
1553,Magnetic Resonance Imaging (MRI),2013-10-11 12:41:16.826002,2013-10-11 12:41:16.826002,207RM1200X
1554,Medical Oncology,2013-10-11 12:41:16.832743,2013-10-11 12:41:16.832743,207RX0202X
1555,Nephrology,2013-10-11 12:41:16.843895,2013-10-11 12:41:16.843895,207RN0300X
1556,Pulmonary Disease,2013-10-11 12:41:16.85062,2013-10-11 12:41:16.85062,207RP1001X
1557,Rheumatology,2013-10-11 12:41:16.855613,2013-10-11 12:41:16.855613,207RR0500X
1558,Sleep Medicine,2013-10-11 12:41:16.858538,2013-10-11 12:41:16.858538,207RS0012X
1559,Sports Medicine,2013-10-11 12:41:16.861257,2013-10-11 12:41:16.861257,207RS0010X
1560,Transplant Hepatology,2013-10-11 12:41:16.86441,2013-10-11 12:41:16.86441,207RT0003X
1561,Legal Medicine,2013-10-11 12:41:16.866961,2013-10-11 12:41:16.866961,209800000X
1562,Clinical Biochemical Genetics,2013-10-11 12:41:16.869361,2013-10-11 12:41:16.869361,207SG0202X
1563,Clinical Cytogenetic,2013-10-11 12:41:16.871863,2013-10-11 12:41:16.871863,207SC0300X
1564,Clinical Genetics (M.D.),2013-10-11 12:41:16.874386,2013-10-11 12:41:16.874386,207SG0201X
1565,Clinical Molecular Genetics,2013-10-11 12:41:16.889991,2013-10-11 12:41:16.889991,207SG0203X
1566,Molecular Genetic Pathology,2013-10-11 12:41:16.895739,2013-10-11 12:41:16.895739,207SM0001X
1567,Ph.D. Medical Genetics,2013-10-11 12:41:16.901645,2013-10-11 12:41:16.901645,207SG0205X
1568,Neurological Surgery,2013-10-11 12:41:16.913949,2013-10-11 12:41:16.913949,207T00000X
1569,In Vivo & In Vitro Nuclear Medicine,2013-10-11 12:41:16.9197,2013-10-11 12:41:16.9197,207UN0903X
1570,Nuclear Cardiology,2013-10-11 12:41:16.92562,2013-10-11 12:41:16.92562,207UN0901X
1571,Nuclear Imaging & Therapy,2013-10-11 12:41:16.937922,2013-10-11 12:41:16.937922,207UN0902X
1572,Neuromusculoskeletal Medicine & OMM,2013-10-11 12:41:16.953514,2013-10-11 12:41:16.953514,204D00000X
1573,"Neuromusculoskeletal Medicine, Sports Medicine",2013-10-11 12:41:16.9664,2013-10-11 12:41:16.9664,204C00000X
1574,Bariatric Medicine,2013-10-11 12:41:16.974301,2013-10-11 12:41:16.974301,207VB0002X
1575,Critical Care Medicine,2013-10-11 12:41:16.977576,2013-10-11 12:41:16.977576,207VC0200X
1576,Female Pelvic Medicine and Reconstructive Surgery,2013-10-11 12:41:16.980552,2013-10-11 12:41:16.980552,207VF0040X
1577,Gynecologic Oncology,2013-10-11 12:41:16.984724,2013-10-11 12:41:16.984724,207VX0201X
1578,Gynecology,2013-10-11 12:41:16.988036,2013-10-11 12:41:16.988036,207VG0400X
1579,Hospice and Palliative Medicine,2013-10-11 12:41:16.991179,2013-10-11 12:41:16.991179,207VH0002X
1580,Maternal & Fetal Medicine,2013-10-11 12:41:16.994954,2013-10-11 12:41:16.994954,207VM0101X
1581,Obstetrics,2013-10-11 12:41:16.998311,2013-10-11 12:41:16.998311,207VX0000X
1582,Reproductive Endocrinology,2013-10-11 12:41:17.009756,2013-10-11 12:41:17.009756,207VE0102X
1583,Ophthalmology,2013-10-11 12:41:17.015645,2013-10-11 12:41:17.015645,207W00000X
1584,Adult Reconstructive Orthopaedic Surgery,2013-10-11 12:41:17.02752,2013-10-11 12:41:17.02752,207XS0114X
1585,Foot and Ankle Surgery,2013-10-11 12:41:17.033404,2013-10-11 12:41:17.033404,207XX0004X
1586,Hand Surgery,2013-10-11 12:41:17.039415,2013-10-11 12:41:17.039415,207XS0106X
1587,Orthopaedic Surgery of the Spine,2013-10-11 12:41:17.051482,2013-10-11 12:41:17.051482,207XS0117X
1588,Orthopaedic Trauma,2013-10-11 12:41:17.057353,2013-10-11 12:41:17.057353,207XX0801X
1589,Pediatric Orthopaedic Surgery,2013-10-11 12:41:17.06336,2013-10-11 12:41:17.06336,207XP3100X
1590,Sports Medicine,2013-10-11 12:41:17.075378,2013-10-11 12:41:17.075378,207XX0005X
1591,Facial Plastic Surgery,2013-10-11 12:41:17.081323,2013-10-11 12:41:17.081323,207YS0123X
1592,Otolaryngic Allergy,2013-10-11 12:41:17.087343,2013-10-11 12:41:17.087343,207YX0602X
1593,Otolaryngology/Facial Plastic Surgery,2013-10-11 12:41:17.093802,2013-10-11 12:41:17.093802,207YX0905X
1594,Otology & Neurotology,2013-10-11 12:41:17.096142,2013-10-11 12:41:17.096142,207YX0901X
1595,Pediatric Otolaryngology,2013-10-11 12:41:17.098439,2013-10-11 12:41:17.098439,207YP0228X
1596,Plastic Surgery within the Head & Neck,2013-10-11 12:41:17.100627,2013-10-11 12:41:17.100627,207YX0007X
1597,Sleep Medicine,2013-10-11 12:41:17.102885,2013-10-11 12:41:17.102885,207YS0012X
1598,Anatomic Pathology,2013-10-11 12:41:17.105332,2013-10-11 12:41:17.105332,207ZP0101X
1599,Anatomic Pathology & Clinical Pathology,2013-10-11 12:41:17.107616,2013-10-11 12:41:17.107616,207ZP0102X
1600,Blood Banking & Transfusion Medicine,2013-10-11 12:41:17.110057,2013-10-11 12:41:17.110057,207ZB0001X
1601,Chemical Pathology,2013-10-11 12:41:17.128317,2013-10-11 12:41:17.128317,207ZP0104X
1602,Clinical Pathology,2013-10-11 12:41:17.141268,2013-10-11 12:41:17.141268,207ZC0006X
1603,Clinical Pathology/Laboratory Medicine,2013-10-11 12:41:17.153735,2013-10-11 12:41:17.153735,207ZP0105X
1604,Cytopathology,2013-10-11 12:41:17.159437,2013-10-11 12:41:17.159437,207ZC0500X
1605,Dermatopathology,2013-10-11 12:41:17.171734,2013-10-11 12:41:17.171734,207ZD0900X
1606,Forensic Pathology,2013-10-11 12:41:17.177362,2013-10-11 12:41:17.177362,207ZF0201X
1607,Hematology,2013-10-11 12:41:17.183373,2013-10-11 12:41:17.183373,207ZH0000X
1608,Immunopathology,2013-10-11 12:41:17.196042,2013-10-11 12:41:17.196042,207ZI0100X
1609,Medical Microbiology,2013-10-11 12:41:17.204176,2013-10-11 12:41:17.204176,207ZM0300X
1610,Molecular Genetic Pathology,2013-10-11 12:41:17.213283,2013-10-11 12:41:17.213283,207ZP0007X
1611,Neuropathology,2013-10-11 12:41:17.216239,2013-10-11 12:41:17.216239,207ZN0500X
1612,Pediatric Pathology,2013-10-11 12:41:17.219046,2013-10-11 12:41:17.219046,207ZP0213X
1613,Adolescent Medicine,2013-10-11 12:41:17.221362,2013-10-11 12:41:17.221362,2080A0000X
1614,Child Abuse Pediatrics,2013-10-11 12:41:17.223735,2013-10-11 12:41:17.223735,2080C0008X
1615,Clinical & Laboratory Immunology,2013-10-11 12:41:17.226357,2013-10-11 12:41:17.226357,2080I0007X
1616,Developmental Â– Behavioral Pediatrics,2013-10-11 12:41:17.228743,2013-10-11 12:41:17.228743,2080P0006X
1617,Hospice and Palliative Medicine,2013-10-11 12:41:17.271362,2013-10-11 12:41:17.271362,2080H0002X
1618,Medical Toxicology,2013-10-11 12:41:17.279058,2013-10-11 12:41:17.279058,2080T0002X
1619,Neonatal-Perinatal Medicine,2013-10-11 12:41:17.284987,2013-10-11 12:41:17.284987,2080N0001X
1620,Neurodevelopmental Disabilities,2013-10-11 12:41:17.291112,2013-10-11 12:41:17.291112,2080P0008X
1621,Pediatric Allergy/Immunology,2013-10-11 12:41:17.3029,2013-10-11 12:41:17.3029,2080P0201X
1622,Pediatric Cardiology,2013-10-11 12:41:17.308747,2013-10-11 12:41:17.308747,2080P0202X
1623,Pediatric Critical Care Medicine,2013-10-11 12:41:17.314952,2013-10-11 12:41:17.314952,2080P0203X
1624,Pediatric Emergency Medicine,2013-10-11 12:41:17.326856,2013-10-11 12:41:17.326856,2080P0204X
1625,Pediatric Endocrinology,2013-10-11 12:41:17.332722,2013-10-11 12:41:17.332722,2080P0205X
1626,Pediatric Gastroenterology,2013-10-11 12:41:17.338721,2013-10-11 12:41:17.338721,2080P0206X
1627,Pediatric Hematology-Oncology,2013-10-11 12:41:17.350653,2013-10-11 12:41:17.350653,2080P0207X
1628,Pediatric Infectious Diseases,2013-10-11 12:41:17.353301,2013-10-11 12:41:17.353301,2080P0208X
1629,Pediatric Nephrology,2013-10-11 12:41:17.355935,2013-10-11 12:41:17.355935,2080P0210X
1630,Pediatric Pulmonology,2013-10-11 12:41:17.35858,2013-10-11 12:41:17.35858,2080P0214X
1631,Pediatric Rheumatology,2013-10-11 12:41:17.361459,2013-10-11 12:41:17.361459,2080P0216X
1632,Pediatric Transplant Hepatology,2013-10-11 12:41:17.363982,2013-10-11 12:41:17.363982,2080T0004X
1633,Sleep Medicine,2013-10-11 12:41:17.366449,2013-10-11 12:41:17.366449,2080S0012X
1634,Sports Medicine,2013-10-11 12:41:17.368973,2013-10-11 12:41:17.368973,2080S0010X
1635,Phlebology,2013-10-11 12:41:17.380708,2013-10-11 12:41:17.380708,202K00000X
1636,Hospice and Palliative Medicine,2013-10-11 12:41:17.392672,2013-10-11 12:41:17.392672,2081H0002X
1637,Neuromuscular Medicine,2013-10-11 12:41:17.398908,2013-10-11 12:41:17.398908,2081N0008X
1638,Pain Medicine,2013-10-11 12:41:17.404695,2013-10-11 12:41:17.404695,2081P2900X
1639,Pediatric Rehabilitation Medicine,2013-10-11 12:41:17.416739,2013-10-11 12:41:17.416739,2081P0010X
1640,Spinal Cord Injury Medicine,2013-10-11 12:41:17.423137,2013-10-11 12:41:17.423137,2081P0004X
1641,Sports Medicine,2013-10-11 12:41:17.429119,2013-10-11 12:41:17.429119,2081S0010X
1642,Plastic Surgery Within the Head and Neck,2013-10-11 12:41:17.440899,2013-10-11 12:41:17.440899,2082S0099X
1643,Surgery of the Hand,2013-10-11 12:41:17.446679,2013-10-11 12:41:17.446679,2082S0105X
1644,Aerospace Medicine,2013-10-11 12:41:17.468886,2013-10-11 12:41:17.468886,2083A0100X
1645,Medical Toxicology,2013-10-11 12:41:17.475929,2013-10-11 12:41:17.475929,2083T0002X
1646,Occupational Medicine,2013-10-11 12:41:17.478899,2013-10-11 12:41:17.478899,2083X0100X
1647,Preventive Medicine/Occupational Environmental Medicine,2013-10-11 12:41:17.481883,2013-10-11 12:41:17.481883,2083P0500X
1648,Public Health & General Preventive Medicine,2013-10-11 12:41:17.484902,2013-10-11 12:41:17.484902,2083P0901X
1649,Sports Medicine,2013-10-11 12:41:17.48794,2013-10-11 12:41:17.48794,2083S0010X
1650,Undersea and Hyperbaric Medicine,2013-10-11 12:41:17.49088,2013-10-11 12:41:17.49088,2083P0011X
1651,Addiction Medicine,2013-10-11 12:41:17.500742,2013-10-11 12:41:17.500742,2084A0401X
1652,Addiction Psychiatry,2013-10-11 12:41:17.513107,2013-10-11 12:41:17.513107,2084P0802X
1653,Bariatric Medicine,2013-10-11 12:41:17.518746,2013-10-11 12:41:17.518746,2084B0002X
1654,Behavioral Neurology & Neuropsychiatry,2013-10-11 12:41:17.52451,2013-10-11 12:41:17.52451,2084B0040X
1655,Child & Adolescent Psychiatry,2013-10-11 12:41:18.047072,2013-10-11 12:41:18.047072,2084P0804X
1656,Clinical Neurophysiology,2013-10-11 12:41:18.637815,2013-10-11 12:41:18.637815,2084N0600X
1657,Diagnostic Neuroimaging,2013-10-11 12:41:19.699427,2013-10-11 12:41:19.699427,2084D0003X
1658,Forensic Psychiatry,2013-10-11 12:41:20.348572,2013-10-11 12:41:20.348572,2084F0202X
1659,Geriatric Psychiatry,2013-10-11 12:41:20.970554,2013-10-11 12:41:20.970554,2084P0805X
1660,Hospice and Palliative Medicine,2013-10-11 12:41:21.29755,2013-10-11 12:41:21.29755,2084H0002X
1661,Neurodevelopmental Disabilities,2013-10-11 12:41:21.31491,2013-10-11 12:41:21.31491,2084P0005X
1662,Neurology,2013-10-11 12:41:21.438646,2013-10-11 12:41:21.438646,2084N0400X
1663,Neurology with Special Qualifications in Child Neurology,2013-10-11 12:41:21.479982,2013-10-11 12:41:21.479982,2084N0402X
1664,Neuromuscular Medicine,2013-10-11 12:41:21.631139,2013-10-11 12:41:21.631139,2084N0008X
1665,Pain Medicine,2013-10-11 12:41:21.769659,2013-10-11 12:41:21.769659,2084P2900X
1666,Psychiatry,2013-10-11 12:41:21.846075,2013-10-11 12:41:21.846075,2084P0800X
1667,Psychosomatic Medicine,2013-10-11 12:41:22.010206,2013-10-11 12:41:22.010206,2084P0015X
1668,Sleep Medicine,2013-10-11 12:41:22.041461,2013-10-11 12:41:22.041461,2084S0012X
1669,Sports Medicine,2013-10-11 12:41:22.083279,2013-10-11 12:41:22.083279,2084S0010X
1670,Vascular Neurology,2013-10-11 12:41:22.114711,2013-10-11 12:41:22.114711,2084V0102X
1671,Interventional Pain Medicine,2013-10-11 12:41:22.166135,2013-10-11 12:41:22.166135,208VP0014X
1672,Pain Medicine,2013-10-11 12:41:22.192072,2013-10-11 12:41:22.192072,208VP0000X
1673,Body Imaging,2013-10-11 12:41:22.215977,2013-10-11 12:41:22.215977,2085B0100X
1674,Diagnostic Neuroimaging,2013-10-11 12:41:22.291911,2013-10-11 12:41:22.291911,2085D0003X
1675,Diagnostic Radiology,2013-10-11 12:41:22.306427,2013-10-11 12:41:22.306427,2085R0202X
1676,Diagnostic Ultrasound,2013-10-11 12:41:22.312464,2013-10-11 12:41:22.312464,2085U0001X
1677,Hospice and Palliative Medicine,2013-10-11 12:41:22.324778,2013-10-11 12:41:22.324778,2085H0002X
1678,Neuroradiology,2013-10-11 12:41:22.330477,2013-10-11 12:41:22.330477,2085N0700X
1679,Nuclear Radiology,2013-10-11 12:41:22.342559,2013-10-11 12:41:22.342559,2085N0904X
1680,Pediatric Radiology,2013-10-11 12:41:22.348418,2013-10-11 12:41:22.348418,2085P0229X
1681,Radiation Oncology,2013-10-11 12:41:22.360399,2013-10-11 12:41:22.360399,2085R0001X
1682,Radiological Physics,2013-10-11 12:41:22.382462,2013-10-11 12:41:22.382462,2085R0205X
1683,Therapeutic Radiology,2013-10-11 12:41:22.39466,2013-10-11 12:41:22.39466,2085R0203X
1684,Vascular & Interventional Radiology,2013-10-11 12:41:22.397743,2013-10-11 12:41:22.397743,2085R0204X
1685,Hospice and Palliative Medicine,2013-10-11 12:41:22.400904,2013-10-11 12:41:22.400904,2086H0002X
1686,Pediatric Surgery,2013-10-11 12:41:22.404335,2013-10-11 12:41:22.404335,2086S0120X
1687,Plastic and Reconstructive Surgery,2013-10-11 12:41:22.407377,2013-10-11 12:41:22.407377,2086S0122X
1688,Surgery of the Hand,2013-10-11 12:41:22.410702,2013-10-11 12:41:22.410702,2086S0105X
1689,Surgical Critical Care,2013-10-11 12:41:22.422038,2013-10-11 12:41:22.422038,2086S0102X
1690,Surgical Oncology,2013-10-11 12:41:22.433923,2013-10-11 12:41:22.433923,2086X0206X
1691,Trauma Surgery,2013-10-11 12:41:22.439936,2013-10-11 12:41:22.439936,2086S0127X
1692,Vascular Surgery,2013-10-11 12:41:22.445948,2013-10-11 12:41:22.445948,2086S0129X
1693,Thoracic Surgery (Cardiothoracic Vascular Surgery),2013-10-11 12:41:22.457903,2013-10-11 12:41:22.457903,208G00000X
1694,Transplant Surgery,2013-10-11 12:41:22.463827,2013-10-11 12:41:22.463827,204F00000X
1695,Female Pelvic Medicine and Reconstructive Surgery,2013-10-11 12:41:22.469827,2013-10-11 12:41:22.469827,2088F0040X
1696,Pediatric Urology,2013-10-11 12:41:22.482145,2013-10-11 12:41:22.482145,2088P0231X
1697,Behavioral Analyst,2013-10-11 12:41:22.487965,2013-10-11 12:41:22.487965,103K00000X
1698,Addiction (Substance Use Disorder),2013-10-11 12:41:22.501045,2013-10-11 12:41:22.501045,101YA0400X
1699,Mental Health,2013-10-11 12:41:22.507809,2013-10-11 12:41:22.507809,101YM0800X
1700,Pastoral,2013-10-11 12:41:22.51027,2013-10-11 12:41:22.51027,101YP1600X
1701,Professional,2013-10-11 12:41:22.51378,2013-10-11 12:41:22.51378,101YP2500X
1702,School,2013-10-11 12:41:22.516017,2013-10-11 12:41:22.516017,101YS0200X
1703,Marriage & Family Therapist,2013-10-11 12:41:22.5182,2013-10-11 12:41:22.5182,106H00000X
1704,Poetry Therapist,2013-10-11 12:41:22.520447,2013-10-11 12:41:22.520447,102X00000X
1705,Psychoanalyst,2013-10-11 12:41:22.522839,2013-10-11 12:41:22.522839,102L00000X
1706,Addiction (Substance Use Disorder),2013-10-11 12:41:22.534451,2013-10-11 12:41:22.534451,103TA0400X
1707,Adult Development & Aging,2013-10-11 12:41:22.546048,2013-10-11 12:41:22.546048,103TA0700X
1708,Clinical,2013-10-11 12:41:22.551951,2013-10-11 12:41:22.551951,103TC0700X
1709,Clinical Child & Adolescent,2013-10-11 12:41:22.564022,2013-10-11 12:41:22.564022,103TC2200X
1710,Cognitive & Behavioral,2013-10-11 12:41:22.570092,2013-10-11 12:41:22.570092,103TB0200X
1711,Counseling,2013-10-11 12:41:22.582284,2013-10-11 12:41:22.582284,103TC1900X
1712,Exercise & Sports,2013-10-11 12:41:22.588026,2013-10-11 12:41:22.588026,103TE1100X
1713,Family,2013-10-11 12:41:22.599935,2013-10-11 12:41:22.599935,103TF0000X
1714,Forensic,2013-10-11 12:41:22.605894,2013-10-11 12:41:22.605894,103TF0200X
1715,Group Psychotherapy,2013-10-11 12:41:22.617781,2013-10-11 12:41:22.617781,103TP2701X
1716,Health,2013-10-11 12:41:22.620478,2013-10-11 12:41:22.620478,103TH0004X
1717,Health Service,2013-10-11 12:41:22.622858,2013-10-11 12:41:22.622858,103TH0100X
1718,Mental Retardation & Developmental Disabilities,2013-10-11 12:41:22.625393,2013-10-11 12:41:22.625393,103TM1800X
1719,Prescribing (Medical),2013-10-11 12:41:22.627855,2013-10-11 12:41:22.627855,103TP0016X
1720,Psychoanalysis,2013-10-11 12:41:22.630178,2013-10-11 12:41:22.630178,103TP0814X
1721,Rehabilitation,2013-10-11 12:41:22.632674,2013-10-11 12:41:22.632674,103TR0400X
1722,School,2013-10-11 12:41:22.635965,2013-10-11 12:41:22.635965,103TS0200X
1723,Clinical,2013-10-11 12:41:22.6539,2013-10-11 12:41:22.6539,1041C0700X
1724,School,2013-10-11 12:41:22.659465,2013-10-11 12:41:22.659465,1041S0200X
1725,Independent Medical Examiner,2013-10-11 12:41:22.671963,2013-10-11 12:41:22.671963,111NI0013X
1726,Internist,2013-10-11 12:41:22.677716,2013-10-11 12:41:22.677716,111NI0900X
1727,Neurology,2013-10-11 12:41:22.689682,2013-10-11 12:41:22.689682,111NN0400X
1728,Nutrition,2013-10-11 12:41:22.695671,2013-10-11 12:41:22.695671,111NN1001X
1729,Occupational Health,2013-10-11 12:41:22.707808,2013-10-11 12:41:22.707808,111NX0100X
1730,Orthopedic,2013-10-11 12:41:22.713608,2013-10-11 12:41:22.713608,111NX0800X
1731,Pediatric Chiropractor,2013-10-11 12:41:22.719738,2013-10-11 12:41:22.719738,111NP0017X
1732,Radiology,2013-10-11 12:41:22.731531,2013-10-11 12:41:22.731531,111NR0200X
1733,Rehabilitation,2013-10-11 12:41:22.734077,2013-10-11 12:41:22.734077,111NR0400X
1734,Sports Physician,2013-10-11 12:41:22.736439,2013-10-11 12:41:22.736439,111NS0005X
1735,Thermography,2013-10-11 12:41:22.738865,2013-10-11 12:41:22.738865,111NT0100X
1736,Advanced Practice Dental Therapist,2013-10-11 12:41:22.741338,2013-10-11 12:41:22.741338,125K00000X
1737,Dental Assistant,2013-10-11 12:41:22.743657,2013-10-11 12:41:22.743657,126800000X
1738,Dental Hygienist,2013-10-11 12:41:22.746093,2013-10-11 12:41:22.746093,124Q00000X
1739,Dental Laboratory Technician,2013-10-11 12:41:22.757482,2013-10-11 12:41:22.757482,126900000X
1740,Dental Therapist,2013-10-11 12:41:22.763203,2013-10-11 12:41:22.763203,125J00000X
1741,Dental Public Health,2013-10-11 12:41:22.76921,2013-10-11 12:41:22.76921,1223D0001X
1742,Dentist Anesthesiologist,2013-10-11 12:41:22.799974,2013-10-11 12:41:22.799974,1223D0004X
1743,Endodontics,2013-10-11 12:41:22.823034,2013-10-11 12:41:22.823034,1223E0200X
1744,General Practice,2013-10-11 12:41:22.852638,2013-10-11 12:41:22.852638,1223G0001X
1745,Oral and Maxillofacial Pathology,2013-10-11 12:41:22.858788,2013-10-11 12:41:22.858788,1223P0106X
1746,Oral and Maxillofacial Radiology,2013-10-11 12:41:22.870972,2013-10-11 12:41:22.870972,1223X0008X
1747,Oral and Maxillofacial Surgery,2013-10-11 12:41:22.876778,2013-10-11 12:41:22.876778,1223S0112X
1748,Orthodontics and Dentofacial Orthopedics,2013-10-11 12:41:22.882814,2013-10-11 12:41:22.882814,1223X0400X
1749,Pediatric Dentistry,2013-10-11 12:41:22.897821,2013-10-11 12:41:22.897821,1223P0221X
1750,Periodontics,2013-10-11 12:41:22.90985,2013-10-11 12:41:22.90985,1223P0300X
1751,Prosthodontics,2013-10-11 12:41:22.913952,2013-10-11 12:41:22.913952,1223P0700X
1752,Denturist,2013-10-11 12:41:22.917489,2013-10-11 12:41:22.917489,122400000X
1753,Dietary Manager,2013-10-11 12:41:22.92144,2013-10-11 12:41:22.92144,132700000X
1754,"Dietetic Technician, Registered",2013-10-11 12:41:22.925138,2013-10-11 12:41:22.925138,136A00000X
1755,"Nutrition, Metabolic",2013-10-11 12:41:22.929386,2013-10-11 12:41:22.929386,133VN1006X
1756,"Nutrition, Pediatric",2013-10-11 12:41:22.941359,2013-10-11 12:41:22.941359,133VN1004X
1757,"Nutrition, Renal",2013-10-11 12:41:22.95317,2013-10-11 12:41:22.95317,133VN1005X
1758,"Nutrition, Education",2013-10-11 12:41:22.958816,2013-10-11 12:41:22.958816,133NN1002X
1759,"Emergency Medical Technician, Basic",2013-10-11 12:41:22.965096,2013-10-11 12:41:22.965096,146N00000X
1760,"Emergency Medical Technician, Intermediate",2013-10-11 12:41:22.976837,2013-10-11 12:41:22.976837,146M00000X
1761,"Emergency Medical Technician, Paramedic",2013-10-11 12:41:22.983306,2013-10-11 12:41:22.983306,146L00000X
1762,Personal Emergency Response Attendant,2013-10-11 12:41:22.989274,2013-10-11 12:41:22.989274,146D00000X
1763,Corneal and Contact Management,2013-10-11 12:41:22.995258,2013-10-11 12:41:22.995258,152WC0802X
1764,Low Vision Rehabilitation,2013-10-11 12:41:23.001156,2013-10-11 12:41:23.001156,152WL0500X
1765,Occupational Vision,2013-10-11 12:41:23.007338,2013-10-11 12:41:23.007338,152WX0102X
1766,Pediatrics,2013-10-11 12:41:23.013176,2013-10-11 12:41:23.013176,152WP0200X
1767,Sports Vision,2013-10-11 12:41:23.019238,2013-10-11 12:41:23.019238,152WS0006X
1768,Vision Therapy,2013-10-11 12:41:23.02502,2013-10-11 12:41:23.02502,152WV0400X
1769,Contact Lens,2013-10-11 12:41:23.028036,2013-10-11 12:41:23.028036,156FC0800X
1770,Contact Lens Fitter,2013-10-11 12:41:23.031025,2013-10-11 12:41:23.031025,156FC0801X
1771,Ocularist,2013-10-11 12:41:23.03398,2013-10-11 12:41:23.03398,156FX1700X
1772,Ophthalmic,2013-10-11 12:41:23.036928,2013-10-11 12:41:23.036928,156FX1100X
1773,Ophthalmic Assistant,2013-10-11 12:41:23.03992,2013-10-11 12:41:23.03992,156FX1101X
1774,Optician,2013-10-11 12:41:23.042919,2013-10-11 12:41:23.042919,156FX1800X
1775,Optometric Assistant,2013-10-11 12:41:23.045999,2013-10-11 12:41:23.045999,156FX1201X
1776,Optometric Technician,2013-10-11 12:41:23.057055,2013-10-11 12:41:23.057055,156FX1202X
1777,Orthoptist,2013-10-11 12:41:23.069083,2013-10-11 12:41:23.069083,156FX1900X
1778,Licensed Practical Nurse,2013-10-11 12:41:23.077045,2013-10-11 12:41:23.077045,164W00000X
1779,Licensed Psychiatric Technician,2013-10-11 12:41:23.087176,2013-10-11 12:41:23.087176,167G00000X
1780,Licensed Vocational Nurse,2013-10-11 12:41:23.094911,2013-10-11 12:41:23.094911,164X00000X
1781,Addiction (Substance Use Disorder),2013-10-11 12:41:23.104596,2013-10-11 12:41:23.104596,163WA0400X
1782,Administrator,2013-10-11 12:41:23.110943,2013-10-11 12:41:23.110943,163WA2000X
1783,Ambulatory Care,2013-10-11 12:41:23.12308,2013-10-11 12:41:23.12308,163WP2201X
1784,Cardiac Rehabilitation,2013-10-11 12:41:23.130823,2013-10-11 12:41:23.130823,163WC3500X
1785,Case Management,2013-10-11 12:41:23.14094,2013-10-11 12:41:23.14094,163WC0400X
1786,College Health,2013-10-11 12:41:23.144489,2013-10-11 12:41:23.144489,163WC1400X
1787,Community Health,2013-10-11 12:41:23.147701,2013-10-11 12:41:23.147701,163WC1500X
1788,Continence Care,2013-10-11 12:41:23.150997,2013-10-11 12:41:23.150997,163WC2100X
1789,Continuing Education/Staff Development,2013-10-11 12:41:23.154007,2013-10-11 12:41:23.154007,163WC1600X
1790,Critical Care Medicine,2013-10-11 12:41:23.156968,2013-10-11 12:41:23.156968,163WC0200X
1791,Diabetes Educator,2013-10-11 12:41:23.160924,2013-10-11 12:41:23.160924,163WD0400X
1792,"Dialysis, Peritoneal",2013-10-11 12:41:23.170352,2013-10-11 12:41:23.170352,163WD1100X
1793,Emergency,2013-10-11 12:41:23.18235,2013-10-11 12:41:23.18235,163WE0003X
1794,Enterostomal Therapy,2013-10-11 12:41:23.189121,2013-10-11 12:41:23.189121,163WE0900X
1795,Flight,2013-10-11 12:41:23.200362,2013-10-11 12:41:23.200362,163WF0300X
1796,Gastroenterology,2013-10-11 12:41:23.207066,2013-10-11 12:41:23.207066,163WG0100X
1797,General Practice,2013-10-11 12:41:23.21888,2013-10-11 12:41:23.21888,163WG0000X
1798,Gerontology,2013-10-11 12:41:23.239006,2013-10-11 12:41:23.239006,163WG0600X
1799,Hemodialysis,2013-10-11 12:41:23.252482,2013-10-11 12:41:23.252482,163WH0500X
1800,Home Health,2013-10-11 12:41:23.25872,2013-10-11 12:41:23.25872,163WH0200X
1801,Hospice,2013-10-11 12:41:23.264309,2013-10-11 12:41:23.264309,163WH1000X
1802,Infection Control,2013-10-11 12:41:23.27053,2013-10-11 12:41:23.27053,163WI0600X
1803,Infusion Therapy,2013-10-11 12:41:23.277545,2013-10-11 12:41:23.277545,163WI0500X
1804,Lactation Consultant,2013-10-11 12:41:23.281088,2013-10-11 12:41:23.281088,163WL0100X
1805,Maternal Newborn,2013-10-11 12:41:23.284435,2013-10-11 12:41:23.284435,163WM0102X
1806,Medical-Surgical,2013-10-11 12:41:23.287525,2013-10-11 12:41:23.287525,163WM0705X
1807,Neonatal Intensive Care,2013-10-11 12:41:23.290823,2013-10-11 12:41:23.290823,163WN0002X
1808,"Neonatal, Low-Risk",2013-10-11 12:41:23.314659,2013-10-11 12:41:23.314659,163WN0003X
1809,Nephrology,2013-10-11 12:41:23.368463,2013-10-11 12:41:23.368463,163WN0300X
1810,Neuroscience,2013-10-11 12:41:23.371894,2013-10-11 12:41:23.371894,163WN0800X
1811,Nurse Massage Therapist (NMT),2013-10-11 12:41:23.374569,2013-10-11 12:41:23.374569,163WM1400X
1812,Nutrition Support,2013-10-11 12:41:23.377986,2013-10-11 12:41:23.377986,163WN1003X
1813,"Obstetric, High-Risk",2013-10-11 12:41:23.389336,2013-10-11 12:41:23.389336,163WX0002X
1814,"Obstetric, Inpatient",2013-10-11 12:41:23.393111,2013-10-11 12:41:23.393111,163WX0003X
1815,Occupational Health,2013-10-11 12:41:23.396602,2013-10-11 12:41:23.396602,163WX0106X
1816,Oncology,2013-10-11 12:41:23.400721,2013-10-11 12:41:23.400721,163WX0200X
1817,Ophthalmic,2013-10-11 12:41:23.404144,2013-10-11 12:41:23.404144,163WX1100X
1818,Orthopedic,2013-10-11 12:41:23.407461,2013-10-11 12:41:23.407461,163WX0800X
1819,Ostomy Care,2013-10-11 12:41:23.410998,2013-10-11 12:41:23.410998,163WX1500X
1820,Otorhinolaryngology & Head-Neck,2013-10-11 12:41:23.414449,2013-10-11 12:41:23.414449,163WX0601X
1821,Pain Management,2013-10-11 12:41:23.425512,2013-10-11 12:41:23.425512,163WP0000X
1822,Pediatric Oncology,2013-10-11 12:41:23.428406,2013-10-11 12:41:23.428406,163WP0218X
1823,Pediatrics,2013-10-11 12:41:23.43097,2013-10-11 12:41:23.43097,163WP0200X
1824,Perinatal,2013-10-11 12:41:23.442045,2013-10-11 12:41:23.442045,163WP1700X
1825,Plastic Surgery,2013-10-11 12:41:23.455398,2013-10-11 12:41:23.455398,163WS0121X
1826,Psychiatric/Mental Health,2013-10-11 12:41:23.461407,2013-10-11 12:41:23.461407,163WP0808X
1827,"Psychiatric/Mental Health, Adult",2013-10-11 12:41:23.465269,2013-10-11 12:41:23.465269,163WP0809X
1828,"Psychiatric/Mental Health, Child & Adolescent",2013-10-11 12:41:23.474596,2013-10-11 12:41:23.474596,163WP0807X
1829,Registered Nurse First Assistant,2013-10-11 12:41:23.486605,2013-10-11 12:41:23.486605,163WR0006X
1830,Rehabilitation,2013-10-11 12:41:23.495163,2013-10-11 12:41:23.495163,163WR0400X
1831,Reproductive Endocrinology/Infertility,2013-10-11 12:41:23.504412,2013-10-11 12:41:23.504412,163WR1000X
1832,School,2013-10-11 12:41:23.510147,2013-10-11 12:41:23.510147,163WS0200X
1833,Urology,2013-10-11 12:41:23.516055,2013-10-11 12:41:23.516055,163WU0100X
1834,"Women's Health Care, Ambulatory",2013-10-11 12:41:23.528345,2013-10-11 12:41:23.528345,163WW0101X
1835,Wound Care,2013-10-11 12:41:23.537176,2013-10-11 12:41:23.537176,163WW0000X
1836,Adult Companion,2013-10-11 12:41:23.545983,2013-10-11 12:41:23.545983,372600000X
1837,Chore Provider,2013-10-11 12:41:23.55197,2013-10-11 12:41:23.55197,372500000X
1838,Day Training/Habilitation Specialist,2013-10-11 12:41:23.5547,2013-10-11 12:41:23.5547,373H00000X
1839,Doula,2013-10-11 12:41:23.557744,2013-10-11 12:41:23.557744,374J00000X
1840,Home Health Aide,2013-10-11 12:41:23.560651,2013-10-11 12:41:23.560651,374U00000X
1841,Homemaker,2013-10-11 12:41:23.56409,2013-10-11 12:41:23.56409,376J00000X
1842,Nurse's Aide,2013-10-11 12:41:23.566432,2013-10-11 12:41:23.566432,376K00000X
1843,Nursing Home Administrator,2013-10-11 12:41:23.568712,2013-10-11 12:41:23.568712,376G00000X
1844,Religious Nonmedical Nursing Personnel,2013-10-11 12:41:23.571292,2013-10-11 12:41:23.571292,374T00000X
1845,Religious Nonmedical Practitioner,2013-10-11 12:41:23.587974,2013-10-11 12:41:23.587974,374K00000X
1846,Attendant Care Provider,2013-10-11 12:41:23.593485,2013-10-11 12:41:23.593485,3747A0650X
1847,Personal Care Attendant,2013-10-11 12:41:23.599689,2013-10-11 12:41:23.599689,3747P1801X
1848,Acupuncturist,2013-10-11 12:41:23.611845,2013-10-11 12:41:23.611845,171100000X
1849,Case Manager/Care Coordinator,2013-10-11 12:41:23.618176,2013-10-11 12:41:23.618176,171M00000X
1850,Clinical Ethicist,2013-10-11 12:41:23.624134,2013-10-11 12:41:23.624134,174V00000X
1851,Community Health Worker,2013-10-11 12:41:23.636216,2013-10-11 12:41:23.636216,172V00000X
1852,Home Modifications,2013-10-11 12:41:23.644901,2013-10-11 12:41:23.644901,171WH0202X
1853,Vehicle Modifications,2013-10-11 12:41:23.651699,2013-10-11 12:41:23.651699,171WV0202X
1854,Driver,2013-10-11 12:41:23.66002,2013-10-11 12:41:23.66002,172A00000X
1855,Funeral Director,2013-10-11 12:41:23.664216,2013-10-11 12:41:23.664216,176P00000X
1856,"Genetic Counselor, MS",2013-10-11 12:41:23.668627,2013-10-11 12:41:23.668627,170300000X
1857,Health Educator,2013-10-11 12:41:23.672341,2013-10-11 12:41:23.672341,174H00000X
1858,Homeopath,2013-10-11 12:41:23.676248,2013-10-11 12:41:23.676248,175L00000X
1859,Interpreter,2013-10-11 12:41:23.679654,2013-10-11 12:41:23.679654,171R00000X
1860,"Lactation Consultant, Non-RN",2013-10-11 12:41:23.683534,2013-10-11 12:41:23.683534,174N00000X
1861,Legal Medicine,2013-10-11 12:41:23.688004,2013-10-11 12:41:23.688004,173000000X
1862,Mechanotherapist,2013-10-11 12:41:23.692094,2013-10-11 12:41:23.692094,172M00000X
1863,"Medical Genetics, Ph.D. Medical Genetics",2013-10-11 12:41:23.696129,2013-10-11 12:41:23.696129,170100000X
1864,Midwife,2013-10-11 12:41:23.714358,2013-10-11 12:41:23.714358,176B00000X
1865,"Midwife, Lay",2013-10-11 12:41:23.722625,2013-10-11 12:41:23.722625,175M00000X
1866,Independent Duty Corpsman,2013-10-11 12:41:23.729567,2013-10-11 12:41:23.729567,1710I1002X
1867,Independent Duty Medical Technicians,2013-10-11 12:41:23.737859,2013-10-11 12:41:23.737859,1710I1003X
1868,Naprapath,2013-10-11 12:41:23.746738,2013-10-11 12:41:23.746738,172P00000X
1869,Naturopath,2013-10-11 12:41:23.753478,2013-10-11 12:41:23.753478,175F00000X
1870,Reflexologist,2013-10-11 12:41:23.761476,2013-10-11 12:41:23.761476,173C00000X
1871,"Sleep Specialist, PhD",2013-10-11 12:41:23.767348,2013-10-11 12:41:23.767348,173F00000X
1872,Graphics Designer,2013-10-11 12:41:23.774139,2013-10-11 12:41:23.774139,1744G0900X
1873,Prosthetics Case Management,2013-10-11 12:41:23.785739,2013-10-11 12:41:23.785739,1744P3200X
1874,Research Data Abstracter/Coder,2013-10-11 12:41:23.791594,2013-10-11 12:41:23.791594,1744R1103X
1875,Research Study,2013-10-11 12:41:23.795139,2013-10-11 12:41:23.795139,1744R1102X
1876,Medical Research,2013-10-11 12:41:23.798814,2013-10-11 12:41:23.798814,174MM1900X
1877,Geriatric,2013-10-11 12:41:23.802182,2013-10-11 12:41:23.802182,1835G0303X
1878,Nuclear,2013-10-11 12:41:23.805595,2013-10-11 12:41:23.805595,1835N0905X
1879,Nutrition Support,2013-10-11 12:41:23.814313,2013-10-11 12:41:23.814313,1835N1003X
1880,Oncology,2013-10-11 12:41:23.845396,2013-10-11 12:41:23.845396,1835X0200X
1881,Pharmacist Clinician (PhC)/ Clinical Pharmacy Specialist,2013-10-11 12:41:23.852102,2013-10-11 12:41:23.852102,1835P0018X
1882,Pharmacotherapy,2013-10-11 12:41:23.855899,2013-10-11 12:41:23.855899,1835P1200X
1883,Psychiatric,2013-10-11 12:41:23.862736,2013-10-11 12:41:23.862736,1835P1300X
1884,Pharmacy Technician,2013-10-11 12:41:23.875007,2013-10-11 12:41:23.875007,183700000X
1885,Advanced Practice Midwife,2013-10-11 12:41:23.880133,2013-10-11 12:41:23.880133,367A00000X
1886,Anesthesiologist Assistant,2013-10-11 12:41:23.886069,2013-10-11 12:41:23.886069,367H00000X
1887,Acute Care,2013-10-11 12:41:23.89838,2013-10-11 12:41:23.89838,364SA2100X
1888,Adult Health,2013-10-11 12:41:23.904063,2013-10-11 12:41:23.904063,364SA2200X
1889,Chronic Care,2013-10-11 12:41:23.909964,2013-10-11 12:41:23.909964,364SC2300X
1890,Community Health/Public Health,2013-10-11 12:41:23.917417,2013-10-11 12:41:23.917417,364SC1501X
1891,Critical Care Medicine,2013-10-11 12:41:23.923489,2013-10-11 12:41:23.923489,364SC0200X
1892,Emergency,2013-10-11 12:41:23.929563,2013-10-11 12:41:23.929563,364SE0003X
1893,Ethics,2013-10-11 12:41:23.933038,2013-10-11 12:41:23.933038,364SE1400X
1894,Family Health,2013-10-11 12:41:23.936666,2013-10-11 12:41:23.936666,364SF0001X
1895,Gerontology,2013-10-11 12:41:23.93999,2013-10-11 12:41:23.93999,364SG0600X
1896,Holistic,2013-10-11 12:41:23.94364,2013-10-11 12:41:23.94364,364SH1100X
1897,Home Health,2013-10-11 12:41:23.953048,2013-10-11 12:41:23.953048,364SH0200X
1898,Informatics,2013-10-11 12:41:23.958768,2013-10-11 12:41:23.958768,364SI0800X
1899,Long-Term Care,2013-10-11 12:41:23.971681,2013-10-11 12:41:23.971681,364SL0600X
1900,Medical-Surgical,2013-10-11 12:41:23.980058,2013-10-11 12:41:23.980058,364SM0705X
1901,Neonatal,2013-10-11 12:41:23.989374,2013-10-11 12:41:23.989374,364SN0000X
1902,Neuroscience,2013-10-11 12:41:23.997759,2013-10-11 12:41:23.997759,364SN0800X
1903,Occupational Health,2013-10-11 12:41:24.007467,2013-10-11 12:41:24.007467,364SX0106X
1904,Oncology,2013-10-11 12:41:24.013187,2013-10-11 12:41:24.013187,364SX0200X
1905,"Oncology, Pediatrics",2013-10-11 12:41:24.022536,2013-10-11 12:41:24.022536,364SX0204X
1906,Pediatrics,2013-10-11 12:41:24.028741,2013-10-11 12:41:24.028741,364SP0200X
1907,Perinatal,2013-10-11 12:41:24.031891,2013-10-11 12:41:24.031891,364SP1700X
1908,Perioperative,2013-10-11 12:41:24.035747,2013-10-11 12:41:24.035747,364SP2800X
1909,Psychiatric/Mental Health,2013-10-11 12:41:24.039482,2013-10-11 12:41:24.039482,364SP0808X
1910,"Psychiatric/Mental Health, Adult",2013-10-11 12:41:24.043145,2013-10-11 12:41:24.043145,364SP0809X
1911,"Psychiatric/Mental Health, Child & Adolescent",2013-10-11 12:41:24.046591,2013-10-11 12:41:24.046591,364SP0807X
1912,"Psychiatric/Mental Health, Child & Family",2013-10-11 12:41:24.050266,2013-10-11 12:41:24.050266,364SP0810X
1913,"Psychiatric/Mental Health, Chronically Ill",2013-10-11 12:41:24.053567,2013-10-11 12:41:24.053567,364SP0811X
1914,"Psychiatric/Mental Health, Community",2013-10-11 12:41:24.057067,2013-10-11 12:41:24.057067,364SP0812X
1915,"Psychiatric/Mental Health, Geropsychiatric",2013-10-11 12:41:24.060382,2013-10-11 12:41:24.060382,364SP0813X
1916,Rehabilitation,2013-10-11 12:41:24.112419,2013-10-11 12:41:24.112419,364SR0400X
1917,School,2013-10-11 12:41:24.157844,2013-10-11 12:41:24.157844,364SS0200X
1918,Transplantation,2013-10-11 12:41:24.16125,2013-10-11 12:41:24.16125,364ST0500X
1919,Women's Health,2013-10-11 12:41:24.164445,2013-10-11 12:41:24.164445,364SW0102X
1920,"Nurse Anesthetist, Certified Registered",2013-10-11 12:41:24.16809,2013-10-11 12:41:24.16809,367500000X
1921,Acute Care,2013-10-11 12:41:24.171303,2013-10-11 12:41:24.171303,363LA2100X
1922,Adult Health,2013-10-11 12:41:24.17435,2013-10-11 12:41:24.17435,363LA2200X
1923,Community Health,2013-10-11 12:41:24.177423,2013-10-11 12:41:24.177423,363LC1500X
1924,Critical Care Medicine,2013-10-11 12:41:24.180669,2013-10-11 12:41:24.180669,363LC0200X
1925,Family,2013-10-11 12:41:24.184015,2013-10-11 12:41:24.184015,363LF0000X
1926,Gerontology,2013-10-11 12:41:24.187975,2013-10-11 12:41:24.187975,363LG0600X
1927,Neonatal,2013-10-11 12:41:24.190837,2013-10-11 12:41:24.190837,363LN0000X
1928,"Neonatal, Critical Care",2013-10-11 12:41:24.193652,2013-10-11 12:41:24.193652,363LN0005X
1929,Obstetrics & Gynecology,2013-10-11 12:41:24.196607,2013-10-11 12:41:24.196607,363LX0001X
1930,Occupational Health,2013-10-11 12:41:24.199666,2013-10-11 12:41:24.199666,363LX0106X
1931,Pediatrics,2013-10-11 12:41:24.202778,2013-10-11 12:41:24.202778,363LP0200X
1932,"Pediatrics, Critical Care",2013-10-11 12:41:24.20592,2013-10-11 12:41:24.20592,363LP0222X
1933,Perinatal,2013-10-11 12:41:24.208893,2013-10-11 12:41:24.208893,363LP1700X
1934,Primary Care,2013-10-11 12:41:24.211995,2013-10-11 12:41:24.211995,363LP2300X
1935,Psychiatric/Mental Health,2013-10-11 12:41:24.286233,2013-10-11 12:41:24.286233,363LP0808X
1936,School,2013-10-11 12:41:24.313092,2013-10-11 12:41:24.313092,363LS0200X
1937,Women's Health,2013-10-11 12:41:24.371588,2013-10-11 12:41:24.371588,363LW0102X
1938,Medical,2013-10-11 12:41:24.39435,2013-10-11 12:41:24.39435,363AM0700X
1939,Surgical,2013-10-11 12:41:24.400147,2013-10-11 12:41:24.400147,363AS0400X
1940,"Assistant, Podiatric",2013-10-11 12:41:24.412322,2013-10-11 12:41:24.412322,211D00000X
1941,Foot & Ankle Surgery,2013-10-11 12:41:24.418171,2013-10-11 12:41:24.418171,213ES0103X
1942,Foot Surgery,2013-10-11 12:41:24.42461,2013-10-11 12:41:24.42461,213ES0131X
1943,Primary Podiatric Medicine,2013-10-11 12:41:24.436338,2013-10-11 12:41:24.436338,213EP1101X
1944,Public Medicine,2013-10-11 12:41:24.442058,2013-10-11 12:41:24.442058,213EP0504X
1945,Radiology,2013-10-11 12:41:24.444728,2013-10-11 12:41:24.444728,213ER0200X
1946,Sports Medicine,2013-10-11 12:41:24.447831,2013-10-11 12:41:24.447831,213ES0000X
1947,Anaplastologist,2013-10-11 12:41:24.45054,2013-10-11 12:41:24.45054,229N00000X
1948,Art Therapist,2013-10-11 12:41:24.453517,2013-10-11 12:41:24.453517,221700000X
1949,Clinical Exercise Physiologist,2013-10-11 12:41:24.456258,2013-10-11 12:41:24.456258,224Y00000X
1950,Dance Therapist,2013-10-11 12:41:24.458874,2013-10-11 12:41:24.458874,225600000X
1951,Developmental Therapist,2013-10-11 12:41:24.485309,2013-10-11 12:41:24.485309,222Q00000X
1952,Kinesiotherapist,2013-10-11 12:41:24.505533,2013-10-11 12:41:24.505533,226300000X
1953,Massage Therapist,2013-10-11 12:41:24.511043,2013-10-11 12:41:24.511043,225700000X
1954,Mastectomy Fitter,2013-10-11 12:41:24.523393,2013-10-11 12:41:24.523393,224900000X
1955,Music Therapist,2013-10-11 12:41:24.52911,2013-10-11 12:41:24.52911,225A00000X
1956,Driving and Community Mobility,2013-10-11 12:41:24.534975,2013-10-11 12:41:24.534975,225XR0403X
1957,Environmental Modification,2013-10-11 12:41:24.54717,2013-10-11 12:41:24.54717,225XE0001X
1958,Ergonomics,2013-10-11 12:41:24.553279,2013-10-11 12:41:24.553279,225XE1200X
1959,"Feeding, Eating & Swallowing",2013-10-11 12:41:24.559094,2013-10-11 12:41:24.559094,225XF0002X
1960,Gerontology,2013-10-11 12:41:24.570999,2013-10-11 12:41:24.570999,225XG0600X
1961,Hand,2013-10-11 12:41:24.576901,2013-10-11 12:41:24.576901,225XH1200X
1962,Human Factors,2013-10-11 12:41:24.582851,2013-10-11 12:41:24.582851,225XH1300X
1963,Low Vision,2013-10-11 12:41:24.59558,2013-10-11 12:41:24.59558,225XL0004X
1964,Mental Health,2013-10-11 12:41:24.60347,2013-10-11 12:41:24.60347,225XM0800X
1965,Neurorehabilitation,2013-10-11 12:41:24.611236,2013-10-11 12:41:24.611236,225XN1300X
1966,Pediatrics,2013-10-11 12:41:24.61936,2013-10-11 12:41:24.61936,225XP0200X
1967,Physical Rehabilitation,2013-10-11 12:41:24.625288,2013-10-11 12:41:24.625288,225XP0019X
1968,Driving and Community Mobility,2013-10-11 12:41:24.631169,2013-10-11 12:41:24.631169,224ZR0403X
1969,Environmental Modification,2013-10-11 12:41:24.642995,2013-10-11 12:41:24.642995,224ZE0001X
1970,"Feeding, Eating & Swallowing",2013-10-11 12:41:24.651638,2013-10-11 12:41:24.651638,224ZF0002X
1971,Low Vision,2013-10-11 12:41:24.663513,2013-10-11 12:41:24.663513,224ZL0004X
1972,Orthotic Fitter,2013-10-11 12:41:24.671316,2013-10-11 12:41:24.671316,225000000X
1973,Pedorthist,2013-10-11 12:41:24.679153,2013-10-11 12:41:24.679153,224L00000X
1974,Cardiopulmonary,2013-10-11 12:41:24.68198,2013-10-11 12:41:24.68198,2251C2600X
1975,"Electrophysiology, Clinical",2013-10-11 12:41:24.684863,2013-10-11 12:41:24.684863,2251E1300X
1976,Ergonomics,2013-10-11 12:41:24.687174,2013-10-11 12:41:24.687174,2251E1200X
1977,Geriatrics,2013-10-11 12:41:24.689703,2013-10-11 12:41:24.689703,2251G0304X
1978,Hand,2013-10-11 12:41:24.692143,2013-10-11 12:41:24.692143,2251H1200X
1979,Human Factors,2013-10-11 12:41:24.694763,2013-10-11 12:41:24.694763,2251H1300X
1980,Neurology,2013-10-11 12:41:24.697227,2013-10-11 12:41:24.697227,2251N0400X
1981,Orthopedic,2013-10-11 12:41:24.699809,2013-10-11 12:41:24.699809,2251X0800X
1982,Pediatrics,2013-10-11 12:41:24.709087,2013-10-11 12:41:24.709087,2251P0200X
1983,Sports,2013-10-11 12:41:24.71523,2013-10-11 12:41:24.71523,2251S0007X
1984,Physical Therapy Assistant,2013-10-11 12:41:24.727458,2013-10-11 12:41:24.727458,225200000X
1985,Pulmonary Function Technologist,2013-10-11 12:41:24.735197,2013-10-11 12:41:24.735197,225B00000X
1986,Recreation Therapist,2013-10-11 12:41:24.741032,2013-10-11 12:41:24.741032,225800000X
1987,Assistive Technology Practitioner,2013-10-11 12:41:24.751035,2013-10-11 12:41:24.751035,225CA2400X
1988,Assistive Technology Supplier,2013-10-11 12:41:24.757302,2013-10-11 12:41:24.757302,225CA2500X
1989,Orientation and Mobility Training Provider,2013-10-11 12:41:24.765003,2013-10-11 12:41:24.765003,225CX0006X
1990,Rehabilitation Practitioner,2013-10-11 12:41:24.774989,2013-10-11 12:41:24.774989,225400000X
1991,Critical Care,2013-10-11 12:41:24.78084,2013-10-11 12:41:24.78084,2278C0205X
1992,Educational,2013-10-11 12:41:24.786812,2013-10-11 12:41:24.786812,2278E1000X
1993,Emergency Care,2013-10-11 12:41:24.793241,2013-10-11 12:41:24.793241,2278E0002X
1994,General Care,2013-10-11 12:41:24.795862,2013-10-11 12:41:24.795862,2278G1100X
1995,Geriatric Care,2013-10-11 12:41:24.798558,2013-10-11 12:41:24.798558,2278G0305X
1996,Home Health,2013-10-11 12:41:24.800847,2013-10-11 12:41:24.800847,2278H0200X
1997,Neonatal/Pediatrics,2013-10-11 12:41:24.803236,2013-10-11 12:41:24.803236,2278P3900X
1998,Palliative/Hospice,2013-10-11 12:41:24.805894,2013-10-11 12:41:24.805894,2278P3800X
1999,Patient Transport,2013-10-11 12:41:24.808596,2013-10-11 12:41:24.808596,2278P4000X
2000,Pulmonary Diagnostics,2013-10-11 12:41:24.815069,2013-10-11 12:41:24.815069,2278P1004X
2001,Pulmonary Function Technologist,2013-10-11 12:41:24.823279,2013-10-11 12:41:24.823279,2278P1006X
2002,Pulmonary Rehabilitation,2013-10-11 12:41:24.835145,2013-10-11 12:41:24.835145,2278P1005X
2003,SNF/Subacute Care,2013-10-11 12:41:24.843055,2013-10-11 12:41:24.843055,2278S1500X
2004,Critical Care,2013-10-11 12:41:24.853358,2013-10-11 12:41:24.853358,2279C0205X
2005,Educational,2013-10-11 12:41:24.860649,2013-10-11 12:41:24.860649,2279E1000X
2006,Emergency Care,2013-10-11 12:41:24.868923,2013-10-11 12:41:24.868923,2279E0002X
2007,General Care,2013-10-11 12:41:24.876658,2013-10-11 12:41:24.876658,2279G1100X
2008,Geriatric Care,2013-10-11 12:41:24.882793,2013-10-11 12:41:24.882793,2279G0305X
2009,Home Health,2013-10-11 12:41:24.888856,2013-10-11 12:41:24.888856,2279H0200X
2010,Neonatal/Pediatrics,2013-10-11 12:41:24.894768,2013-10-11 12:41:24.894768,2279P3900X
2011,Palliative/Hospice,2013-10-11 12:41:24.907067,2013-10-11 12:41:24.907067,2279P3800X
2012,Patient Transport,2013-10-11 12:41:24.913108,2013-10-11 12:41:24.913108,2279P4000X
2013,Pulmonary Diagnostics,2013-10-11 12:41:24.915668,2013-10-11 12:41:24.915668,2279P1004X
2014,Pulmonary Function Technologist,2013-10-11 12:41:24.918373,2013-10-11 12:41:24.918373,2279P1006X
2015,Pulmonary Rehabilitation,2013-10-11 12:41:24.925463,2013-10-11 12:41:24.925463,2279P1005X
2016,SNF/Subacute Care,2013-10-11 12:41:24.932316,2013-10-11 12:41:24.932316,2279S1500X
2017,Athletic Trainer,2013-10-11 12:41:24.936925,2013-10-11 12:41:24.936925,2255A2300X
2018,"Rehabilitation, Blind",2013-10-11 12:41:24.963642,2013-10-11 12:41:24.963642,2255R0406X
2019,Assistive Technology Practitioner,2013-10-11 12:41:24.970664,2013-10-11 12:41:24.970664,231HA2400X
2020,Assistive Technology Supplier,2013-10-11 12:41:24.976965,2013-10-11 12:41:24.976965,231HA2500X
2021,Audiologist-Hearing Aid Fitter,2013-10-11 12:41:24.982746,2013-10-11 12:41:24.982746,237600000X
2022,Hearing Instrument Specialist,2013-10-11 12:41:25.017652,2013-10-11 12:41:25.017652,237700000X
2023,Audiology Assistant,2013-10-11 12:41:25.026192,2013-10-11 12:41:25.026192,2355A2700X
2024,Speech-Language Assistant,2013-10-11 12:41:25.041501,2013-10-11 12:41:25.041501,2355S0801X
2025,Speech-Language Pathologist,2013-10-11 12:41:25.048294,2013-10-11 12:41:25.048294,235Z00000X
2026,Student in an Organized Health Care Education/Training Program,2013-10-11 12:41:25.054288,2013-10-11 12:41:25.054288,390200000X
2027,Perfusionist,2013-10-11 12:41:25.062047,2013-10-11 12:41:25.062047,242T00000X
2028,Bone Densitometry,2013-10-11 12:41:25.0647,2013-10-11 12:41:25.0647,2471B0102X
2029,Cardiac-Interventional Technology,2013-10-11 12:41:25.067335,2013-10-11 12:41:25.067335,2471C1106X
2030,Cardiovascular-Interventional Technology,2013-10-11 12:41:25.069764,2013-10-11 12:41:25.069764,2471C1101X
2031,Computed Tomography,2013-10-11 12:41:25.073074,2013-10-11 12:41:25.073074,2471C3401X
2032,Magnetic Resonance Imaging,2013-10-11 12:41:25.075721,2013-10-11 12:41:25.075721,2471M1202X
2033,Mammography,2013-10-11 12:41:25.078101,2013-10-11 12:41:25.078101,2471M2300X
2034,Nuclear Medicine Technology,2013-10-11 12:41:25.081729,2013-10-11 12:41:25.081729,2471N0900X
2035,Quality Management,2013-10-11 12:41:25.092288,2013-10-11 12:41:25.092288,2471Q0001X
2036,Radiation Therapy,2013-10-11 12:41:25.098301,2013-10-11 12:41:25.098301,2471R0002X
2037,Radiography,2013-10-11 12:41:25.104173,2013-10-11 12:41:25.104173,2471C3402X
2038,Sonography,2013-10-11 12:41:25.116157,2013-10-11 12:41:25.116157,2471S1302X
2039,Vascular Sonography,2013-10-11 12:41:25.232579,2013-10-11 12:41:25.232579,2471V0105X
2040,Vascular-Interventional Technology,2013-10-11 12:41:25.347924,2013-10-11 12:41:25.347924,2471V0106X
2041,Radiology Practitioner Assistant,2013-10-11 12:41:25.353367,2013-10-11 12:41:25.353367,243U00000X
2042,Cardiovascular Invasive Specialist,2013-10-11 12:41:25.359583,2013-10-11 12:41:25.359583,246XC2901X
2043,Sonography,2013-10-11 12:41:25.372081,2013-10-11 12:41:25.372081,246XS1301X
2044,Vascular Specialist,2013-10-11 12:41:25.383312,2013-10-11 12:41:25.383312,246XC2903X
2045,"Coding Specialist, Hospital Based",2013-10-11 12:41:25.396109,2013-10-11 12:41:25.396109,246YC3301X
2046,"Coding Specialist, Physician Office Based",2013-10-11 12:41:25.399745,2013-10-11 12:41:25.399745,246YC3302X
2047,Registered Record Administrator,2013-10-11 12:41:25.402994,2013-10-11 12:41:25.402994,246YR1600X
2048,"Art, Medical",2013-10-11 12:41:25.406105,2013-10-11 12:41:25.406105,246ZA2600X
2049,Biochemist,2013-10-11 12:41:25.409282,2013-10-11 12:41:25.409282,246ZB0500X
2050,Biomedical Engineering,2013-10-11 12:41:25.415484,2013-10-11 12:41:25.415484,246ZB0301X
2051,Biomedical Photographer,2013-10-11 12:41:25.421708,2013-10-11 12:41:25.421708,246ZB0302X
2052,Biostatistician,2013-10-11 12:41:25.425805,2013-10-11 12:41:25.425805,246ZB0600X
2053,Certified First Assistant,2013-10-11 12:41:25.433349,2013-10-11 12:41:25.433349,246ZC0007X
2054,EEG,2013-10-11 12:41:25.441937,2013-10-11 12:41:25.441937,246ZE0500X
2055,Electroneurodiagnostic,2013-10-11 12:41:25.450563,2013-10-11 12:41:25.450563,246ZE0600X
2056,"Geneticist, Medical (PhD)",2013-10-11 12:41:25.459923,2013-10-11 12:41:25.459923,246ZG1000X
2057,Graphics Methods,2013-10-11 12:41:25.468444,2013-10-11 12:41:25.468444,246ZG0701X
2058,"Illustration, Medical",2013-10-11 12:41:25.477676,2013-10-11 12:41:25.477676,246ZI1000X
2059,Nephrology,2013-10-11 12:41:25.486973,2013-10-11 12:41:25.486973,246ZN0300X
2060,Surgical,2013-10-11 12:41:25.497245,2013-10-11 12:41:25.497245,246ZS0400X
2061,Blood Banking,2013-10-11 12:41:25.516865,2013-10-11 12:41:25.516865,246QB0000X
2062,Chemistry,2013-10-11 12:41:25.547637,2013-10-11 12:41:25.547637,246QC1000X
2063,Cytotechnology,2013-10-11 12:41:25.55519,2013-10-11 12:41:25.55519,246QC2700X
2064,Hemapheresis Practitioner,2013-10-11 12:41:25.561166,2013-10-11 12:41:25.561166,246QH0401X
2065,Hematology,2013-10-11 12:41:25.570999,2013-10-11 12:41:25.570999,246QH0000X
2066,Histology,2013-10-11 12:41:25.574044,2013-10-11 12:41:25.574044,246QH0600X
2067,Immunology,2013-10-11 12:41:25.580424,2013-10-11 12:41:25.580424,246QI0000X
2068,Laboratory Management,2013-10-11 12:41:25.583606,2013-10-11 12:41:25.583606,246QL0900X
2069,"Laboratory Management, Diplomate",2013-10-11 12:41:25.586692,2013-10-11 12:41:25.586692,246QL0901X
2070,Medical Technologist,2013-10-11 12:41:25.589176,2013-10-11 12:41:25.589176,246QM0706X
2071,Microbiology,2013-10-11 12:41:25.592671,2013-10-11 12:41:25.592671,246QM0900X
2072,"Technician, Cardiology",2013-10-11 12:41:25.595275,2013-10-11 12:41:25.595275,246W00000X
2073,Assistant Record Technician,2013-10-11 12:41:25.611805,2013-10-11 12:41:25.611805,2470A2800X
2074,Biomedical Engineering,2013-10-11 12:41:25.71411,2013-10-11 12:41:25.71411,2472B0301X
2075,Darkroom,2013-10-11 12:41:25.730341,2013-10-11 12:41:25.730341,2472D0500X
2076,EEG,2013-10-11 12:41:25.741087,2013-10-11 12:41:25.741087,2472E0500X
2077,Renal Dialysis,2013-10-11 12:41:25.806789,2013-10-11 12:41:25.806789,2472R0900X
2078,Veterinary,2013-10-11 12:41:25.818398,2013-10-11 12:41:25.818398,2472V0600X
2079,"Clinical Laboratory Director, Non-physician",2013-10-11 12:41:25.826947,2013-10-11 12:41:25.826947,247ZC0005X
2080,Histology,2013-10-11 12:41:25.835053,2013-10-11 12:41:25.835053,246RH0600X
2081,Medical Laboratory,2013-10-11 12:41:25.842215,2013-10-11 12:41:25.842215,246RM2200X
2082,Phlebotomy,2013-10-11 12:41:25.856237,2013-10-11 12:41:25.856237,246RP1900X
2083,Local Education Agency (LEA),2013-10-11 12:41:25.858881,2013-10-11 12:41:25.858881,251300000X
2084,Case Management,2013-10-11 12:41:25.861288,2013-10-11 12:41:25.861288,251B00000X
2085,Community/Behavioral Health,2013-10-11 12:41:25.871939,2013-10-11 12:41:25.871939,251S00000X
2086,"Day Training, Developmentally Disabled Services",2013-10-11 12:41:25.880314,2013-10-11 12:41:25.880314,251C00000X
2087,Early Intervention Provider Agency,2013-10-11 12:41:25.886452,2013-10-11 12:41:25.886452,252Y00000X
2088,Foster Care Agency,2013-10-11 12:41:25.892463,2013-10-11 12:41:25.892463,253J00000X
2089,Home Health,2013-10-11 12:41:25.904233,2013-10-11 12:41:25.904233,251E00000X
2090,Home Infusion,2013-10-11 12:41:25.910148,2013-10-11 12:41:25.910148,251F00000X
2091,"Hospice Care, Community Based",2013-10-11 12:41:25.916042,2013-10-11 12:41:25.916042,251G00000X
2092,In Home Supportive Care,2013-10-11 12:41:25.928382,2013-10-11 12:41:25.928382,253Z00000X
2093,Nursing Care,2013-10-11 12:41:25.93489,2013-10-11 12:41:25.93489,251J00000X
2094,Program of All-Inclusive Care for the Elderly (PACE) Provider Organization,2013-10-11 12:41:25.942804,2013-10-11 12:41:25.942804,251T00000X
2095,Public Health or Welfare,2013-10-11 12:41:25.952735,2013-10-11 12:41:25.952735,251K00000X
2096,Supports Brokerage,2013-10-11 12:41:25.96102,2013-10-11 12:41:25.96102,251X00000X
2097,Voluntary or Charitable,2013-10-11 12:41:25.964447,2013-10-11 12:41:25.964447,251V00000X
2098,Adolescent and Children Mental Health,2013-10-11 12:41:25.967193,2013-10-11 12:41:25.967193,261QM0855X
2099,Adult Day Care,2013-10-11 12:41:25.969545,2013-10-11 12:41:25.969545,261QA0600X
2100,Adult Mental Health,2013-10-11 12:41:25.971859,2013-10-11 12:41:25.971859,261QM0850X
2101,Ambulatory Family Planning Facility,2013-10-11 12:41:25.974845,2013-10-11 12:41:25.974845,261QA0005X
2102,Ambulatory Fertility Facility,2013-10-11 12:41:25.977178,2013-10-11 12:41:25.977178,261QA0006X
2103,Ambulatory Surgical,2013-10-11 12:41:25.987988,2013-10-11 12:41:25.987988,261QA1903X
2104,Amputee,2013-10-11 12:41:26.000068,2013-10-11 12:41:26.000068,261QA0900X
2105,Augmentative Communication,2013-10-11 12:41:26.00585,2013-10-11 12:41:26.00585,261QA3000X
2106,Birthing,2013-10-11 12:41:26.012184,2013-10-11 12:41:26.012184,261QB0400X
2107,Community Health,2013-10-11 12:41:26.023771,2013-10-11 12:41:26.023771,261QC1500X
2108,Corporate Health,2013-10-11 12:41:26.029689,2013-10-11 12:41:26.029689,261QC1800X
2109,Critical Access Hospital,2013-10-11 12:41:26.03577,2013-10-11 12:41:26.03577,261QC0050X
2110,Dental,2013-10-11 12:41:26.04812,2013-10-11 12:41:26.04812,261QD0000X
2111,Developmental Disabilities,2013-10-11 12:41:26.054093,2013-10-11 12:41:26.054093,261QD1600X
2112,Emergency Care,2013-10-11 12:41:26.060058,2013-10-11 12:41:26.060058,261QE0002X
2113,Endoscopy,2013-10-11 12:41:26.071701,2013-10-11 12:41:26.071701,261QE0800X
2114,End-Stage Renal Disease (ESRD) Treatment,2013-10-11 12:41:26.073947,2013-10-11 12:41:26.073947,261QE0700X
2115,"Family Planning, Non-Surgical",2013-10-11 12:41:26.076383,2013-10-11 12:41:26.076383,261QF0050X
2116,Federally Qualified Health Center (FQHC),2013-10-11 12:41:26.078786,2013-10-11 12:41:26.078786,261QF0400X
2117,Genetics,2013-10-11 12:41:26.081215,2013-10-11 12:41:26.081215,261QG0250X
2118,Health Service,2013-10-11 12:41:26.083716,2013-10-11 12:41:26.083716,261QH0100X
2119,Hearing and Speech,2013-10-11 12:41:26.085964,2013-10-11 12:41:26.085964,261QH0700X
2120,Infusion Therapy,2013-10-11 12:41:26.088352,2013-10-11 12:41:26.088352,261QI0500X
2121,Lithotripsy,2013-10-11 12:41:26.090692,2013-10-11 12:41:26.090692,261QL0400X
2122,Magnetic Resonance Imaging (MRI),2013-10-11 12:41:26.093037,2013-10-11 12:41:26.093037,261QM1200X
2123,Medical Specialty,2013-10-11 12:41:26.09583,2013-10-11 12:41:26.09583,261QM2500X
2124,Medically Fragile Infants and Children Day Care,2013-10-11 12:41:26.111717,2013-10-11 12:41:26.111717,261QM3000X
2125,Mental Health (Including Community Mental Health Center),2013-10-11 12:41:26.123692,2013-10-11 12:41:26.123692,261QM0801X
2126,Methadone,2013-10-11 12:41:26.143568,2013-10-11 12:41:26.143568,261QM2800X
2127,Migrant Health,2013-10-11 12:41:26.154612,2013-10-11 12:41:26.154612,261QM1000X
2128,Military Ambulatory Procedure Visits Operational (Transportable),2013-10-11 12:41:26.160661,2013-10-11 12:41:26.160661,261QM1103X
2129,Military and U.S. Coast Guard Ambulatory Procedure,2013-10-11 12:41:26.166359,2013-10-11 12:41:26.166359,261QM1101X
2130,Military Outpatient Operational (Transportable) Component,2013-10-11 12:41:26.172251,2013-10-11 12:41:26.172251,261QM1102X
2131,Military/U.S. Coast Guard Outpatient,2013-10-11 12:41:26.184561,2013-10-11 12:41:26.184561,261QM1100X
2132,Multi-Specialty,2013-10-11 12:41:26.190322,2013-10-11 12:41:26.190322,261QM1300X
2133,Occupational Medicine,2013-10-11 12:41:26.201999,2013-10-11 12:41:26.201999,261QX0100X
2134,Oncology,2013-10-11 12:41:26.2172,2013-10-11 12:41:26.2172,261QX0200X
2135,"Oncology, Radiation",2013-10-11 12:41:26.220886,2013-10-11 12:41:26.220886,261QX0203X
2136,Ophthalmologic Surgery,2013-10-11 12:41:26.224521,2013-10-11 12:41:26.224521,261QS0132X
2137,Oral and Maxillofacial Surgery,2013-10-11 12:41:26.228124,2013-10-11 12:41:26.228124,261QS0112X
2138,Pain,2013-10-11 12:41:26.238621,2013-10-11 12:41:26.238621,261QP3300X
2139,Physical Therapy,2013-10-11 12:41:26.244569,2013-10-11 12:41:26.244569,261QP2000X
2140,Podiatric,2013-10-11 12:41:26.260282,2013-10-11 12:41:26.260282,261QP1100X
2141,Primary Care,2013-10-11 12:41:26.266497,2013-10-11 12:41:26.266497,261QP2300X
2142,Prison Health,2013-10-11 12:41:26.276125,2013-10-11 12:41:26.276125,261QP2400X
2143,"Public Health, Federal",2013-10-11 12:41:26.281916,2013-10-11 12:41:26.281916,261QP0904X
2144,"Public Health, State or Local",2013-10-11 12:41:26.287821,2013-10-11 12:41:26.287821,261QP0905X
2145,Radiology,2013-10-11 12:41:26.300197,2013-10-11 12:41:26.300197,261QR0200X
2146,"Radiology, Mammography",2013-10-11 12:41:26.305966,2013-10-11 12:41:26.305966,261QR0206X
2147,"Radiology, Mobile",2013-10-11 12:41:26.312123,2013-10-11 12:41:26.312123,261QR0208X
2148,"Radiology, Mobile Mammography",2013-10-11 12:41:26.324346,2013-10-11 12:41:26.324346,261QR0207X
2149,Recovery Care,2013-10-11 12:41:26.330694,2013-10-11 12:41:26.330694,261QR0800X
2150,Rehabilitation,2013-10-11 12:41:26.334093,2013-10-11 12:41:26.334093,261QR0400X
2151,"Rehabilitation, Cardiac Facilities",2013-10-11 12:41:26.336976,2013-10-11 12:41:26.336976,261QR0404X
2152,"Rehabilitation, Comprehensive Outpatient Rehabilitation Facility (CORF)",2013-10-11 12:41:26.343569,2013-10-11 12:41:26.343569,261QR0401X
2153,"Rehabilitation, Substance Use Disorder",2013-10-11 12:41:26.350481,2013-10-11 12:41:26.350481,261QR0405X
2154,Research,2013-10-11 12:41:26.360015,2013-10-11 12:41:26.360015,261QR1100X
2155,Rural Health,2013-10-11 12:41:26.370063,2013-10-11 12:41:26.370063,261QR1300X
2156,Sleep Disorder Diagnostic,2013-10-11 12:41:26.37839,2013-10-11 12:41:26.37839,261QS1200X
2157,Student Health,2013-10-11 12:41:26.385987,2013-10-11 12:41:26.385987,261QS1000X
2158,Urgent Care,2013-10-11 12:41:26.391949,2013-10-11 12:41:26.391949,261QU0200X
2159,VA,2013-10-11 12:41:26.401876,2013-10-11 12:41:26.401876,261QV0200X
2160,Epilepsy Unit,2013-10-11 12:41:26.407754,2013-10-11 12:41:26.407754,273100000X
2161,Medicare Defined Swing Bed Unit,2013-10-11 12:41:26.418048,2013-10-11 12:41:26.418048,275N00000X
2162,Psychiatric Unit,2013-10-11 12:41:26.428128,2013-10-11 12:41:26.428128,273R00000X
2163,Rehabilitation Unit,2013-10-11 12:41:26.436176,2013-10-11 12:41:26.436176,273Y00000X
2164,"Rehabilitation, Substance Use Disorder Unit",2013-10-11 12:41:26.442257,2013-10-11 12:41:26.442257,276400000X
2165,Children,2013-10-11 12:41:26.449174,2013-10-11 12:41:26.449174,281PC2000X
2166,Children,2013-10-11 12:41:26.458186,2013-10-11 12:41:26.458186,282NC2000X
2167,Critical Access,2013-10-11 12:41:26.468382,2013-10-11 12:41:26.468382,282NC0060X
2168,Rural,2013-10-11 12:41:26.476633,2013-10-11 12:41:26.476633,282NR1301X
2169,Women,2013-10-11 12:41:26.483515,2013-10-11 12:41:26.483515,282NW0100X
2170,Long Term Care Hospital,2013-10-11 12:41:26.490406,2013-10-11 12:41:26.490406,282E00000X
2171,Military General Acute Care Hospital,2013-10-11 12:41:26.502136,2013-10-11 12:41:26.502136,2865M2000X
2172,Military General Acute Care Hospital. Operational (Transportable),2013-10-11 12:41:26.507384,2013-10-11 12:41:26.507384,2865X1600X
2173,Psychiatric Hospital,2013-10-11 12:41:26.513355,2013-10-11 12:41:26.513355,283Q00000X
2174,Children,2013-10-11 12:41:26.519468,2013-10-11 12:41:26.519468,283XC2000X
2175,Religious Nonmedical Health Care Institution,2013-10-11 12:41:26.532114,2013-10-11 12:41:26.532114,282J00000X
2176,Special Hospital,2013-10-11 12:41:26.537823,2013-10-11 12:41:26.537823,284300000X
2177,Clinical Medical Laboratory,2013-10-11 12:41:26.543682,2013-10-11 12:41:26.543682,291U00000X
2178,Dental Laboratory,2013-10-11 12:41:26.555884,2013-10-11 12:41:26.555884,292200000X
2179,Military Clinical Medical Laboratory,2013-10-11 12:41:26.56171,2013-10-11 12:41:26.56171,291900000X
2180,Physiological Laboratory,2013-10-11 12:41:26.573922,2013-10-11 12:41:26.573922,293D00000X
2181,Exclusive Provider Organization,2013-10-11 12:41:26.580616,2013-10-11 12:41:26.580616,302F00000X
2182,Health Maintenance Organization,2013-10-11 12:41:26.586865,2013-10-11 12:41:26.586865,302R00000X
2183,Point of Service,2013-10-11 12:41:26.589893,2013-10-11 12:41:26.589893,305S00000X
2184,Preferred Provider Organization,2013-10-11 12:41:26.593236,2013-10-11 12:41:26.593236,305R00000X
2185,Alzheimer Center (Dementia Center),2013-10-11 12:41:26.59628,2013-10-11 12:41:26.59628,311500000X
2186,"Assisted Living, Behavioral Disturbances",2013-10-11 12:41:26.599692,2013-10-11 12:41:26.599692,3104A0630X
2187,"Assisted Living, Mental Illness",2013-10-11 12:41:26.603556,2013-10-11 12:41:26.603556,3104A0625X
2188,Adult Care Home,2013-10-11 12:41:26.6157,2013-10-11 12:41:26.6157,311ZA0620X
2189,"Hospice, Inpatient",2013-10-11 12:41:26.627912,2013-10-11 12:41:26.627912,315D00000X
2190,"Intermediate Care Facility, Mental Illness",2013-10-11 12:41:26.633296,2013-10-11 12:41:26.633296,310500000X
2191,"Intermediate Care Facility, Mentally Retarded",2013-10-11 12:41:26.639537,2013-10-11 12:41:26.639537,315P00000X
2192,Nursing Facility/Intermediate Care Facility,2013-10-11 12:41:26.65954,2013-10-11 12:41:26.65954,313M00000X
2193,"Nursing Care, Pediatric",2013-10-11 12:41:26.673362,2013-10-11 12:41:26.673362,3140N1450X
2194,Lodging,2013-10-11 12:41:26.681584,2013-10-11 12:41:26.681584,177F00000X
2195,Meals,2013-10-11 12:41:26.689677,2013-10-11 12:41:26.689677,174200000X
2196,"Community Based Residential Treatment Facility, Mental Illness",2013-10-11 12:41:26.697566,2013-10-11 12:41:26.697566,320800000X
2197,"Community Based Residential Treatment Facility, Mental Retardation and/or Developmental Disabilities",2013-10-11 12:41:26.70528,2013-10-11 12:41:26.70528,320900000X
2198,Psychiatric Residential Treatment Facility,2013-10-11 12:41:26.717229,2013-10-11 12:41:26.717229,323P00000X
2199,"Residential Treatment Facility, Emotionally Disturbed Children",2013-10-11 12:41:26.724297,2013-10-11 12:41:26.724297,322D00000X
2200,"Residential Treatment Facility, Mental Retardation and/or Developmental Disabilities",2013-10-11 12:41:26.730927,2013-10-11 12:41:26.730927,320600000X
2201,"Residential Treatment Facility, Physical Disabilities",2013-10-11 12:41:26.734154,2013-10-11 12:41:26.734154,320700000X
2202,"Substance Abuse Treatment, Children",2013-10-11 12:41:26.73727,2013-10-11 12:41:26.73727,3245S0500X
2203,Respite Care Camp,2013-10-11 12:41:26.740251,2013-10-11 12:41:26.740251,385HR2050X
2204,"Respite Care, Mental Illness, Child",2013-10-11 12:41:26.743748,2013-10-11 12:41:26.743748,385HR2055X
2205,"Respite Care, Mental Retardation and/or Developmental Disabilities",2013-10-11 12:41:26.758374,2013-10-11 12:41:26.758374,385HR2060X
2206,"Respite Care, Physical Disabilities, Child",2013-10-11 12:41:26.770461,2013-10-11 12:41:26.770461,385HR2065X
2207,Blood Bank,2013-10-11 12:41:26.777255,2013-10-11 12:41:26.777255,331L00000X
2208,Department of Veterans Affairs (VA) Pharmacy,2013-10-11 12:41:26.785707,2013-10-11 12:41:26.785707,332100000X
2209,Customized Equipment,2013-10-11 12:41:26.79701,2013-10-11 12:41:26.79701,332BC3200X
2210,Dialysis Equipment & Supplies,2013-10-11 12:41:26.802781,2013-10-11 12:41:26.802781,332BD1200X
2211,Nursing Facility Supplies,2013-10-11 12:41:26.808662,2013-10-11 12:41:26.808662,332BN1400X
2212,Oxygen Equipment & Supplies,2013-10-11 12:41:26.820738,2013-10-11 12:41:26.820738,332BX2000X
2213,Parenteral & Enteral Nutrition,2013-10-11 12:41:26.826287,2013-10-11 12:41:26.826287,332BP3500X
2214,Emergency Response System Companies,2013-10-11 12:41:26.832375,2013-10-11 12:41:26.832375,333300000X
2215,Eye Bank,2013-10-11 12:41:26.838399,2013-10-11 12:41:26.838399,332G00000X
2216,"Eyewear Supplier (Equipment, not the service)",2013-10-11 12:41:26.844954,2013-10-11 12:41:26.844954,332H00000X
2217,Hearing Aid Equipment,2013-10-11 12:41:26.848051,2013-10-11 12:41:26.848051,332S00000X
2218,Home Delivered Meals,2013-10-11 12:41:26.853909,2013-10-11 12:41:26.853909,332U00000X
2219,Indian Health Service/Tribal/Urban Indian Health (I/T/U) Pharmacy,2013-10-11 12:41:26.856749,2013-10-11 12:41:26.856749,332800000X
2220,Medical Foods Supplier,2013-10-11 12:41:26.860124,2013-10-11 12:41:26.860124,335G00000X
2221,Military/U.S. Coast Guard Pharmacy,2013-10-11 12:41:26.862783,2013-10-11 12:41:26.862783,332000000X
2222,Non-Pharmacy Dispensing Site,2013-10-11 12:41:26.875793,2013-10-11 12:41:26.875793,332900000X
2223,Organ Procurement Organization,2013-10-11 12:41:26.881829,2013-10-11 12:41:26.881829,335U00000X
2224,Clinic Pharmacy,2013-10-11 12:41:26.911898,2013-10-11 12:41:26.911898,3336C0002X
2225,Community/Retail Pharmacy,2013-10-11 12:41:26.917823,2013-10-11 12:41:26.917823,3336C0003X
2226,Compounding Pharmacy,2013-10-11 12:41:26.930062,2013-10-11 12:41:26.930062,3336C0004X
2227,Home Infusion Therapy Pharmacy,2013-10-11 12:41:26.935267,2013-10-11 12:41:26.935267,3336H0001X
2228,Institutional Pharmacy,2013-10-11 12:41:26.941717,2013-10-11 12:41:26.941717,3336I0012X
2229,Long Term Care Pharmacy,2013-10-11 12:41:26.953857,2013-10-11 12:41:26.953857,3336L0003X
2230,Mail Order Pharmacy,2013-10-11 12:41:26.959415,2013-10-11 12:41:26.959415,3336M0002X
2231,Managed Care Organization Pharmacy,2013-10-11 12:41:26.965616,2013-10-11 12:41:26.965616,3336M0003X
2232,Nuclear Pharmacy,2013-10-11 12:41:26.977769,2013-10-11 12:41:26.977769,3336N0007X
2233,Specialty Pharmacy,2013-10-11 12:41:26.981453,2013-10-11 12:41:26.981453,3336S0011X
2234,Portable X-Ray Supplier,2013-10-11 12:41:26.984616,2013-10-11 12:41:26.984616,335V00000X
2235,Air Carrier,2013-10-11 12:41:26.98812,2013-10-11 12:41:26.98812,344800000X
2236,Air Transport,2013-10-11 12:41:26.990988,2013-10-11 12:41:26.990988,3416A0800X
2237,Land Transport,2013-10-11 12:41:26.994489,2013-10-11 12:41:26.994489,3416L0300X
2238,Water Transport,2013-10-11 12:41:26.997936,2013-10-11 12:41:26.997936,3416S0300X
2239,Bus,2013-10-11 12:41:27.001715,2013-10-11 12:41:27.001715,347B00000X
2240,"Military or U.S. Coast Guard Ambulance, Air Transport",2013-10-11 12:41:27.013704,2013-10-11 12:41:27.013704,3418M1120X
2241,"Military or U.S. Coast Guard Ambulance, Ground Transport",2013-10-11 12:41:27.02545,2013-10-11 12:41:27.02545,3418M1110X
2242,"Military or U.S. Coast Guard Ambulance, Water Transport",2013-10-11 12:41:27.031377,2013-10-11 12:41:27.031377,3418M1130X
2243,Non-emergency Medical Transport (VAN),2013-10-11 12:41:27.043426,2013-10-11 12:41:27.043426,343900000X
2244,Private Vehicle,2013-10-11 12:41:27.04923,2013-10-11 12:41:27.04923,347C00000X
2245,Secured Medical Transport (VAN),2013-10-11 12:41:27.055315,2013-10-11 12:41:27.055315,343800000X
2246,Taxi,2013-10-11 12:41:27.067276,2013-10-11 12:41:27.067276,344600000X
2247,Train,2013-10-11 12:41:27.073479,2013-10-11 12:41:27.073479,347D00000X
2248,Transportation Broker,2013-10-11 12:41:27.079236,2013-10-11 12:41:27.079236,347E00000X
2249,Allergy & Immunology,2013-10-11 12:41:27.091293,2013-10-11 12:41:27.091293,207K00000X
2250,Anesthesiology,2013-10-11 12:41:27.097215,2013-10-11 12:41:27.097215,207L00000X
2251,Dermatology,2013-10-11 12:41:27.099572,2013-10-11 12:41:27.099572,207N00000X
2252,Emergency Medicine,2013-10-11 12:41:27.101876,2013-10-11 12:41:27.101876,207P00000X
2253,Family Medicine,2013-10-11 12:41:27.104085,2013-10-11 12:41:27.104085,207Q00000X
2254,Internal Medicine,2013-10-11 12:41:27.106269,2013-10-11 12:41:27.106269,207R00000X
2255,Nuclear Medicine,2013-10-11 12:41:27.109292,2013-10-11 12:41:27.109292,207U00000X
2256,Obstetrics & Gynecology,2013-10-11 12:41:27.121205,2013-10-11 12:41:27.121205,207V00000X
2257,Orthopaedic Surgery,2013-10-11 12:41:27.133105,2013-10-11 12:41:27.133105,207X00000X
2258,Otolaryngology,2013-10-11 12:41:27.13915,2013-10-11 12:41:27.13915,207Y00000X
2259,Pediatrics,2013-10-11 12:41:27.145215,2013-10-11 12:41:27.145215,208000000X
2260,Physical Medicine & Rehabilitation,2013-10-11 12:41:27.157095,2013-10-11 12:41:27.157095,208100000X
2261,Plastic Surgery,2013-10-11 12:41:27.163113,2013-10-11 12:41:27.163113,208200000X
2262,Surgery,2013-10-11 12:41:27.175862,2013-10-11 12:41:27.175862,208600000X
2263,Urology,2013-10-11 12:41:27.183596,2013-10-11 12:41:27.183596,208800000X
2264,Clinical Neuropsychologist,2013-10-11 12:41:27.1937,2013-10-11 12:41:27.1937,103G00000X
2265,Counselor,2013-10-11 12:41:27.202047,2013-10-11 12:41:27.202047,101Y00000X
2266,Psychologist,2013-10-11 12:41:27.205713,2013-10-11 12:41:27.205713,103T00000X
2267,Social Worker,2013-10-11 12:41:27.209655,2013-10-11 12:41:27.209655,104100000X
2268,Chiropractor,2013-10-11 12:41:27.212789,2013-10-11 12:41:27.212789,111N00000X
2269,Dentist,2013-10-11 12:41:27.216229,2013-10-11 12:41:27.216229,122300000X
2270,"Dietitian, Registered",2013-10-11 12:41:27.219615,2013-10-11 12:41:27.219615,133V00000X
2271,Nutritionist,2013-10-11 12:41:27.223372,2013-10-11 12:41:27.223372,133N00000X
2272,Optometrist,2013-10-11 12:41:27.226761,2013-10-11 12:41:27.226761,152W00000X
2273,Technician/Technologist,2013-10-11 12:41:27.230139,2013-10-11 12:41:27.230139,156F00000X
2274,Registered Nurse,2013-10-11 12:41:27.247546,2013-10-11 12:41:27.247546,163W00000X
2275,Technician,2013-10-11 12:41:27.255901,2013-10-11 12:41:27.255901,374700000X
2276,Contractor,2013-10-11 12:41:27.265418,2013-10-11 12:41:27.265418,171W00000X
2277,Military Health Care Provider,2013-10-11 12:41:27.271533,2013-10-11 12:41:27.271533,171000000X
2278,Specialist,2013-10-11 12:41:27.284192,2013-10-11 12:41:27.284192,174400000X
2279,Veterinarian,2013-10-11 12:41:27.291702,2013-10-11 12:41:27.291702,174M00000X
2280,Pharmacist,2013-10-11 12:41:27.299158,2013-10-11 12:41:27.299158,183500000X
2281,Clinical Nurse Specialist,2013-10-11 12:41:27.307038,2013-10-11 12:41:27.307038,364S00000X
2282,Nurse Practitioner,2013-10-11 12:41:27.312755,2013-10-11 12:41:27.312755,363L00000X
2283,Physician Assistant,2013-10-11 12:41:27.319051,2013-10-11 12:41:27.319051,363A00000X
2284,Podiatrist,2013-10-11 12:41:27.326238,2013-10-11 12:41:27.326238,213E00000X
2285,Occupational Therapist,2013-10-11 12:41:27.329576,2013-10-11 12:41:27.329576,225X00000X
2286,Occupational Therapy Assistant,2013-10-11 12:41:27.332015,2013-10-11 12:41:27.332015,224Z00000X
2287,Physical Therapist,2013-10-11 12:41:27.335255,2013-10-11 12:41:27.335255,225100000X
2288,Rehabilitation Counselor,2013-10-11 12:41:27.337948,2013-10-11 12:41:27.337948,225C00000X
2289,"Respiratory Therapist, Certified",2013-10-11 12:41:27.340308,2013-10-11 12:41:27.340308,227800000X
2290,"Respiratory Therapist, Registered",2013-10-11 12:41:27.342755,2013-10-11 12:41:27.342755,227900000X
2291,Specialist/Technologist,2013-10-11 12:41:27.345267,2013-10-11 12:41:27.345267,225500000X
2292,Audiologist,2013-10-11 12:41:27.347803,2013-10-11 12:41:27.347803,231H00000X
2293,Specialist/Technologist,2013-10-11 12:41:27.365488,2013-10-11 12:41:27.365488,235500000X
2294,Radiologic Technologist,2013-10-11 12:41:27.371137,2013-10-11 12:41:27.371137,247100000X
2295,Specialist/Technologist Cardiovascular,2013-10-11 12:41:27.377183,2013-10-11 12:41:27.377183,246X00000X
2296,"Specialist/Technologist, Health Information",2013-10-11 12:41:27.389694,2013-10-11 12:41:27.389694,246Y00000X
2297,"Specialist/Technologist, Other",2013-10-11 12:41:27.395054,2013-10-11 12:41:27.395054,246Z00000X
2298,"Specialist/Technologist, Pathology",2013-10-11 12:41:27.415574,2013-10-11 12:41:27.415574,246Q00000X
2299,"Technician, Health Information",2013-10-11 12:41:27.438743,2013-10-11 12:41:27.438743,247000000X
2300,"Technician, Other",2013-10-11 12:41:27.444535,2013-10-11 12:41:27.444535,247200000X
2301,"Technician, Pathology",2013-10-11 12:41:27.450442,2013-10-11 12:41:27.450442,246R00000X
2302,Clinic/Center,2013-10-11 12:41:27.457186,2013-10-11 12:41:27.457186,261Q00000X
2303,Chronic Disease Hospital,2013-10-11 12:41:27.468561,2013-10-11 12:41:27.468561,281P00000X
2304,General Acute Care Hospital,2013-10-11 12:41:27.471036,2013-10-11 12:41:27.471036,282N00000X
2305,Military Hospital,2013-10-11 12:41:27.473479,2013-10-11 12:41:27.473479,286500000X
2306,Rehabilitation Hospital,2013-10-11 12:41:27.476176,2013-10-11 12:41:27.476176,283X00000X
2307,Assisted Living Facility,2013-10-11 12:41:27.478484,2013-10-11 12:41:27.478484,310400000X
2308,Custodial Care Facility,2013-10-11 12:41:27.480671,2013-10-11 12:41:27.480671,311Z00000X
2309,Skilled Nursing Facility,2013-10-11 12:41:27.482998,2013-10-11 12:41:27.482998,314000000X
2310,Substance Abuse Rehabilitation Facility,2013-10-11 12:41:27.485339,2013-10-11 12:41:27.485339,324500000X
2311,Respite Care,2013-10-11 12:41:27.487676,2013-10-11 12:41:27.487676,385H00000X
2312,Durable Medical Equipment & Medical Supplies,2013-10-11 12:41:27.498175,2013-10-11 12:41:27.498175,332B00000X
2313,Pharmacy,2013-10-11 12:41:27.50445,2013-10-11 12:41:27.50445,333600000X
2314,Ambulance,2013-10-11 12:41:27.51627,2013-10-11 12:41:27.51627,341600000X
2315,Military/U.S. Coast Guard Transport,2013-10-11 12:41:27.52218,2013-10-11 12:41:27.52218,341800000X
